,smiles,pKi IC50 Pi3K,pKi IC50 mTor,RScore
0,CCc1ncnc(-c2ccc(C(C)(C)C#N)cc2)c1C#Cc1ccc(N)nc1,7.585026652029178,7.619788758288389,0.6
1,Cc1ncnc(-c2ccc(C(C)(C)C#N)cc2)c1C#Cc1ccc(N)nc1,7.619788758288388,7.619788758288389,0.7
2,CCc1cc(-c2ncnc(CC)c2C#Cc2ccc(N)nc2)ccn1,7.39794000867203,7.95860731484177,0.7
3,CCc1ncnc(-c2cc(C)nc(C)c2)c1C#Cc1ccc(N)nc1,7.53760200210104,8.09691001300805,0.7
4,CNC(=O)c1ccc(-c2ncnc(C)c2C#Cc2ccc(N)nc2)cc1Cl,7.30102999566398,8.52287874528033,0.7
5,Cc1ncnc(-c2ccc(C(=O)N(C)C)cc2)c1C#Cc1ccc(N)nc1,7.06550154875643,8.30102999566398,0.7
6,Cc1ncnc(-c2ccccc2)c1C#Cc1ccc(N)nc1,7.4089353929735005,7.52287874528033,0.7
7,Cc1ncnc(-c2ccc(S(C)(=O)=O)cc2)c1C#Cc1ccc(N)nc1,7.18708664335714,8.09691001300805,0.7
8,Cc1ncnc(-c2ccc(F)c(C(=O)N(C)C)c2)c1C#Cc1ccc(N)nc1,6.595166283380059,8.22184874961635,0.6
9,Cc1ncnc(-c2cccc(C(=O)N(C)C)c2)c1C#Cc1ccc(N)nc1,6.39685562737981,7.76955107862172,0.7
10,Cc1ncnc(-c2ccc(C(=O)N(C)C)c(F)c2)c1C#Cc1ccc(N)nc1,7.32790214206428,8.69897000433601,0.7
11,CCc1ncnc(-c2ccc(C(=O)NC)c(Cl)c2)c1C#Cc1ccc(N)nc1,7.14874165128092,8.30102999566398,0.6
12,CCc1ncnc(-c2ccccc2)c1C#Cc1ccc(N)nc1,7.004364805402441,7.19382002601611,0.7
13,CCc1ncnc(-c2ccc(S(C)(=O)=O)cc2)c1C#Cc1ccc(N)nc1,7.180456064458129,7.744727494896691,0.6
14,CCc1ncnc(-c2ccc(F)c(C(=O)N(C)C)c2)c1C#Cc1ccc(N)nc1,6.72353819582675,7.69897000433601,0.6
15,CCc1ncnc(-c2ccc(C(=O)N(C)C)c(F)c2)c1C#Cc1ccc(N)nc1,7.2441251443275,8.69897000433601,0.6
16,CCc1ncnc(-c2ccc(C(=O)NC)c(Cl)c2)c1C#Cc1ccc(C)nc1,6.62708799702989,7.744727494896691,0.7
17,CCc1ncnc(-c2ccc(S(C)(=O)=O)cc2)c1C#Cc1ccc(C)nc1,7.004364805402441,7.161150909262741,0.7
18,CCc1ncnc(-c2ccc(C(=O)N(C)C)cc2)c1C#Cc1ccc(C)nc1,6.86327943284359,7.53760200210104,0.7
19,CCc1ncnc(-c2ccc(C(=O)N(C)C)c(F)c2)c1C#Cc1ccc(C)nc1,6.65364702554936,7.721246399047169,0.7
20,Cc1cc(-c2ncnc(C)c2C#Cc2ccc(N)nc2)ccn1,7.23657200643706,7.39794000867203,0.7
21,Cc1ncnc(-c2ccc(C(F)(F)F)nc2)c1C#Cc1ccc(N)nc1,7.004364805402441,7.3565473235138095,0.7
22,Cc1ncnc(-c2cnc3ccccc3c2)c1C#Cc1ccc(N)nc1,7.52287874528033,7.1191864077192,0.7
23,COc1ccc(-c2ncnc(C)c2C#Cc2ccc(N)nc2)cn1,7.1079053973095085,7.20065945054641,0.7
24,Cc1ccc(-c2ncnc(C)c2C#Cc2ccc(N)nc2)cn1,7.229147988357849,7.46852108295774,0.7
25,Cc1ncnc(-c2ccc(N3CCCCC3)nc2)c1C#Cc1ccc(N)nc1,7.19382002601611,6.78781239559604,0.7
26,Cc1ncnc(-c2ccc(C3CC3)nc2)c1C#Cc1ccc(N)nc1,7.36653154442041,7.2441251443275,0.7
27,CCc1ncnc(-c2ccnc(C)c2)c1C#Cc1ccc(N)nc1,7.2441251443275,7.69897000433601,0.6
28,CCc1ncnc(-c2ccc(C(F)(F)F)nc2)c1C#Cc1ccc(N)nc1,7.23657200643706,7.30102999566398,0.7
29,CCc1ncnc(-c2cnc3ccccc3c2)c1C#Cc1ccc(N)nc1,7.619788758288388,7.46852108295774,0.6
30,CCc1ncnc(-c2ccc(OC)nc2)c1C#Cc1ccc(N)nc1,7.39794000867203,7.29242982390206,0.6
31,CCc1ncnc(-c2ccc(C)nc2)c1C#Cc1ccc(N)nc1,7.52287874528033,7.65757731917779,0.6
32,CCc1ncnc(-c2ccc(N3CCOCC3)nc2)c1C#Cc1ccc(N)nc1,7.49485002168009,7.387216143280259,0.7
33,CCc1ncnc(-c2ccnc(OC)c2)c1C#Cc1ccc(N)nc1,7.21467016498923,7.46852108295774,0.6
34,CCc1ncnc(-c2ccc(N(C)C)nc2)c1C#Cc1ccc(N)nc1,7.431798275933,7.10237290870955,0.6
35,CCc1ncnc(-c2ccc(C3CC3)nc2)c1C#Cc1ccc(N)nc1,7.53760200210104,7.49485002168009,0.7
36,CCN(CC)C(=O)c1cccc(-c2ncnc(C)c2C#Cc2ccc(N)nc2)c1,6.51144928349955,7.086186147616281,0.7
37,Cc1ncnc(-c2cccc(C(=O)N3CCOCC3)c2)c1C#Cc1ccc(N)nc1,6.649751981665831,7.0457574905606695,0.6
38,Cc1ncnc(-c2cc(Cl)cc(C(=O)N(C)C)c2)c1C#Cc1ccc(N)nc1,7.16749108729376,7.619788758288389,0.6
39,Cc1ncnc(-c2ccc(F)c(C(=O)N3CCOCC3)c2)c1C#Cc1ccc(N)nc1,6.42021640338318,7.8860566476931595,0.6
40,Cc1ncnc(-c2ccc(Cl)c(C(=O)N3CCOCC3)c2)c1C#Cc1ccc(N)nc1,6.338187314462731,8.39794000867203,0.6
41,Cc1ncnc(-c2ccc(F)c(C(=O)N3CCCCC3)c2)c1C#Cc1ccc(N)nc1,6.26841123481326,7.85387196432176,0.6
42,Cc1ncnc(-c2ccc(Cl)c(C(=O)N3CCCCC3)c2)c1C#Cc1ccc(N)nc1,6.51004152057516,7.8860566476931595,0.6
43,CNC(=O)c1cc(-c2ncnc(C)c2C#Cc2ccc(N)nc2)ccc1F,6.7351821769904605,7.49485002168009,0.7
44,CCc1ncnc(-c2cccc(C(=O)N(CC)CC)c2)c1C#Cc1ccc(N)nc1,6.725842150736308,6.96257350205937,0.6
45,CCc1ncnc(-c2ccc(Cl)c(C(=O)N(C)C)c2)c1C#Cc1ccc(N)nc1,6.71219827006977,8.39794000867203,0.6
46,CCc1ncnc(-c2ccc(F)c(C(=O)N3CCOCC3)c2)c1C#Cc1ccc(N)nc1,6.64589156085259,7.50863830616572,0.6
47,CCc1ncnc(-c2ccc(Cl)c(C(=O)N(CC)CC)c2)c1C#Cc1ccc(N)nc1,6.266802734893429,7.76955107862172,0.7
48,CCc1ncnc(-c2ccc(Cl)c(C(=O)N3CCCCC3)c2)c1C#Cc1ccc(N)nc1,6.224753740259758,7.55284196865778,0.7
49,CCc1ncnc(-c2ccc(Cl)c(C(=O)NC)c2)c1C#Cc1ccc(N)nc1,7.17392519729917,7.50863830616572,0.6
50,CCc1ncnc(-c2cccc(C(=O)NC)c2)c1C#Cc1ccc(N)nc1,7.14266750356873,7.3565473235138095,0.6
51,CCc1ncnc(-c2ccc(C(=O)N(C)CCCOC)c(F)c2)c1C#Cc1ccc(N)nc1,7.1079053973095085,8.52287874528033,0.7
52,CCc1ncnc(-c2ccc(C(=O)N(C)CCN(C)C)c(F)c2)c1C#Cc1ccc(N)nc1,6.3957739469155195,7.52287874528033,0.7
53,CCc1ncnc(-c2ccc(C(=O)N(C)C3CCN(C)CC3)c(F)c2)c1C#Cc1ccc(N)nc1,6.241088107602018,7.481486060122111,0.7
54,CCc1ncnc(-c2ccc(C(=O)N(C)CCCO)c(F)c2)c1C#Cc1ccc(N)nc1,7.23657200643706,8.999999999999991,0.6
55,CCc1ncnc(-c2ccc(C(=O)NC)c(F)c2)c1C#Cc1ccc(N)nc1,6.64781748188863,8.09691001300805,0.7
56,CCc1ncnc(-c2ccc(C(=O)N(C)CCO)c(F)c2)c1C#Cc1ccc(N)nc1,6.86966623150499,8.69897000433601,0.7
57,CCc1ncnc(-c2ccc(C(=O)N(C)CCOC)c(F)c2)c1C#Cc1ccc(N)nc1,6.98716277529482,8.69897000433601,0.7
58,CCc1ncnc(-c2ccc(C(=O)N3CCN(C)CC3)c(F)c2)c1C#Cc1ccc(N)nc1,6.66756154008439,8.69897000433601,0.7
59,CCc1ncnc(-c2ccc(C(=O)N(C)CCCN(C)C)c(F)c2)c1C#Cc1ccc(N)nc1,6.2284125191187405,7.481486060122111,0.6
60,CCc1ncnc(-c2ccc(C(=O)N3CCCCC3)c(F)c2)c1C#Cc1ccc(N)nc1C,6.68613277963084,8.39794000867203,0.6
61,CCc1ncnc(-c2ccc(C(=O)N3CCCCC3)c(Cl)c2)c1C#Cc1ccc(N)nc1,6.96257350205937,8.69897000433601,0.6
62,CCc1ncnc(-c2ccc(C(=O)N3CCN(CC(F)F)CC3)c(F)c2)c1C#Cc1ccc(N)nc1C,6.78781239559604,8.52287874528033,0.6
63,CCc1ncnc(-c2ccc(C(=O)N3CCN(C4CC4)CC3)c(F)c2)c1C#Cc1ccc(N)nc1C,6.5058454059815505,8.39794000867203,0.7
64,CCc1ncnc(-c2ccc(C(=O)N3CCC(C(F)(F)F)CC3)c(F)c2)c1C#Cc1ccc(N)nc1C,6.18909571933129,7.5686362358410095,0.7
65,CCc1ncnc(-c2ccc(C(=O)N3CCN(C4CCOCC4)CC3)c(F)c2)c1C#Cc1ccc(N)nc1C,6.66756154008439,8.52287874528033,0.6
66,CCc1ncnc(-c2ccc(C(=O)N3CCN(CC4CCCO4)CC3)c(F)c2)c1C#Cc1ccc(N)nc1C,6.71669877129645,8.30102999566398,0.6
67,CCc1ncnc(-c2ccc(C(=O)N3CCN(C4CCS(=O)(=O)C4)CC3)c(F)c2)c1C#Cc1ccc(N)nc1C,6.7495799976910975,8.15490195998574,0.6
68,CCc1ncnc(-c2ccc(C(=O)N3CCN4CCCCC4C3)c(F)c2)c1C#Cc1ccc(N)nc1C,6.317854923626161,8.09691001300805,0.7
69,CCc1ncnc(-c2ccc(C(=O)N3CCN(S(=O)(=O)CC)CC3)c(F)c2)c1C#Cc1ccc(N)nc1C,7.03621217265444,8.04575749056067,0.7
70,CCc1ncnc(-c2ccc(C(=O)N3CCOCC3)c(F)c2)c1C#Cc1ccc(N)nc1C,6.935542010773081,8.09691001300805,0.7
71,CCc1ncnc(-c2ccc(C(=O)N3CCN(C)CC3)c(F)c2)c1C#Cc1ccc(N)nc1C,6.5686362358410095,8.09691001300805,0.7
72,CCc1ncnc(-c2ccc(C(=O)N3CCN(CC4CCCCC4)CC3)c(F)c2)c1C#Cc1ccc(N)nc1C,5.89653837790529,7.16749108729376,0.6
73,CCc1ncnc(-c2ccc(C(=O)N3CCN(CC(=O)N(C)C)CC3)c(F)c2)c1C#Cc1ccc(N)nc1C,6.910094888560599,8.69897000433601,0.6
74,CCc1ncnc(-c2ccc(C(=O)N3CCN(Cc4ccccc4)CC3)c(F)c2)c1C#Cc1ccc(N)nc1C,5.99267904707725,8.04575749056067,0.6
75,CCc1ncnc(-c2ccc(C(=O)N3CCN(c4ccccc4)CC3)c(F)c2)c1C#Cc1ccc(N)nc1C,6.30277065724028,7.585026652029179,0.6
76,CCc1ncnc(-c2ccc(C(=O)N3CCN(CCN(C)C)CC3)c(F)c2)c1C#Cc1ccc(N)nc1C,6.2580609222708,8.15490195998574,0.6
77,CCc1ncnc(-c2ccc(C(=O)N3CCN(CCN(C)C)CC3)c(Cl)c2)c1C#Cc1ccc(N)nc1C,6.431798275933,8.30102999566398,0.6
78,CCc1ncnc(-c2ccc(C(=O)N3CCN(C4CC4)CC3)c(Cl)c2)c1C#Cc1ccc(N)nc1,7.18708664335714,9.00436480540245,0.7
79,CCCCN1CCN(C(=O)c2ccc(-c3ncnc(CC)c3C#Cc3ccc(N)nc3)cc2Cl)CC1,6.79048498545736,8.999999999999991,0.7
80,CCc1ncnc(-c2ccc(C(=O)N(C)CCCOC)c(Cl)c2)c1C#Cc1ccc(N)nc1,7.16749108729376,8.52287874528033,0.7
81,CCc1ncnc(-c2ccc(C(=O)N3CCN(C4CCOCC4)CC3)c(Cl)c2)c1C#Cc1ccc(N)nc1,7.0132282657337495,9.05551732784983,0.7
82,CCc1ncnc(-c2ccc(C(=O)N3CCN(C4CCS(=O)(=O)C4)CC3)c(Cl)c2)c1C#Cc1ccc(N)nc1,6.9172146296835395,9.13076828026902,0.6
83,CCc1ncnc(-c2ccc(C(=O)NCCOC)c(Cl)c2)c1C#Cc1ccc(N)nc1,6.7423214251308075,8.52287874528033,0.7
84,CCc1ncnc(-c2ccc(C(=O)N(C)CCO)c(Cl)c2)c1C#Cc1ccc(N)nc1,7.44369749923271,8.999999999999991,0.6
85,CCc1ncnc(-c2ccc(C(=O)N(C)CCOC)c(Cl)c2)c1C#Cc1ccc(N)nc1,7.20065945054641,8.69897000433601,0.6
86,CCc1ncnc(-c2ccc(C(=O)N3CCN(CCO)CC3)c(Cl)c2)c1C#Cc1ccc(N)nc1,7.07572071393811,9.22184874961635,0.7
87,CCc1ncnc(-c2ccc(C(=O)N3CCN(c4ccccn4)CC3)c(Cl)c2)c1C#Cc1ccc(N)nc1,6.92811799269387,8.52287874528033,0.6
88,CCc1ncnc(-c2ccc(C(=O)N3CCN(C4CCCC4)CC3)c(Cl)c2)c1C#Cc1ccc(N)nc1,6.436518914605581,8.39794000867203,0.7
89,CCc1ncnc(-c2ccc(C(=O)N3CCN(c4ccccc4)CC3)c(Cl)c2)c1C#Cc1ccc(N)nc1,7.05060999335508,8.30102999566398,0.7
90,CCc1ncnc(-c2ccc(C(=O)N3CCN(C(F)(F)F)CC3)c(Cl)c2)c1C#Cc1ccc(N)nc1,6.301899454376612,7.744727494896691,0.2
91,CCc1ncnc(-c2ccc(C(=O)N3CCN(CC(F)F)CC3)c(Cl)c2)c1C#Cc1ccc(N)nc1,6.75202673363819,8.69897000433601,0.7
92,CCc1ncnc(-c2ccc(C(=O)N3CCN(C(C)C)CC3)c(Cl)c2)c1C#Cc1ccc(N)nc1,6.60906489289662,9.075720713938109,0.6
93,CCc1ncnc(-c2ccc(C(=O)N3CCN(C(C)(C)C)CC3)c(Cl)c2)c1C#Cc1ccc(N)nc1,6.36051351073141,8.69897000433601,0.6
94,CCc1ncnc(-c2ccc(C(=O)N3CCNC(=O)C3)c(Cl)c2)c1C#Cc1ccc(N)nc1,7.5686362358410095,9.08618614761628,0.7
95,CCc1ncnc(-c2ccc(C(=O)N3CCN(CC)CC3)c(Cl)c2)c1C#Cc1ccc(N)nc1,6.7304870557820795,8.69897000433601,0.7
96,CCc1ncnc(-c2ccc(C(=O)N3CCN(C(C)=O)CC3)c(Cl)c2)c1C#Cc1ccc(N)nc1,7.0132282657337495,8.69897000433601,0.7
97,CCc1ncnc(-c2ccc(C(=O)N3CCN(CC(F)F)CC3)c(OC)c2)c1C#Cc1ccc(N)nc1,7.20065945054641,8.69897000433601,0.7
98,CCc1ncnc(-c2ccc(C(=O)N3CCN(C(C)(C)C)CC3)c(OC)c2)c1C#Cc1ccc(N)nc1,6.600326278518961,8.52287874528033,0.2
99,CCc1ncnc(-c2ccc(C(=O)N3CCN(C4CC4)CC3)c(OC)c2)c1C#Cc1ccc(N)nc1,7.22184874961635,8.69897000433601,0.7
100,CCc1ncnc(-c2ccc(C(=O)N3CCN(C(C)C)CC3)c(OC)c2)c1C#Cc1ccc(N)nc1,6.6757175447023,8.69897000433601,0.7
101,CCc1ncnc(-c2ccc(C(=O)N3CCN(C4CCOCC4)CC3)c(OC)c2)c1C#Cc1ccc(N)nc1,6.9172146296835395,8.999999999999991,0.7
102,CCc1ncnc(-c2ccc(C(=O)N3CCN(CCOC)CC3)c(OC)c2)c1C#Cc1ccc(N)nc1,6.87289520163519,8.999999999999991,0.7
103,CCc1ncnc(-c2ccc(C(=O)N3CCN(CC)CC3)c(OC)c2)c1C#Cc1ccc(N)nc1,6.67162039656126,8.52287874528033,0.6
104,CCc1ncnc(-c2ccc(C(=O)N3CCN(CC(F)(F)F)CC3)c(OC)c2)c1C#Cc1ccc(N)nc1,7.09151498112135,8.39794000867203,0.7
105,CCc1ncnc(-c2ccc(C(=O)N3CCN(S(=O)(=O)CC)CC3)c(OC)c2)c1C#Cc1ccc(N)nc1,7.44369749923271,8.69897000433601,0.7
106,CCc1ncnc(-c2ccc(C(=O)N3CCN(C(C)=O)CC3)c(OC)c2)c1C#Cc1ccc(N)nc1,7.1366771398795406,8.69897000433601,0.7
107,CCc1ncnc(-c2ccc(C(=O)N3CCN(CCO)CC3)c(OC)c2)c1C#Cc1ccc(N)nc1,6.8181564120552185,8.52287874528033,0.7
108,CCc1ncnc(-c2ccc(C(=O)N3CCN(C)CC3)c(OC)c2)c1C#Cc1ccc(N)nc1,6.66354026615147,8.69897000433601,0.6
109,CCc1ncnc(-c2ccc(C(=O)N3CCNC(=O)C3)c(OC)c2)c1C#Cc1ccc(N)nc1,7.721246399047168,8.999999999999991,0.7
110,CCc1ncnc(-c2ccc(C(=O)N3CCN(CCN(C)C)CC3)c(OC)c2)c1C#Cc1ccc(N)nc1,6.26280735729526,8.09691001300805,0.6
111,CCc1ncnc(-c2ccc(C(=O)N3CCN(CC(F)F)CC3)c(F)c2)c1C#Cc1ccc(N)nc1,7.06550154875643,8.999999999999991,0.6
112,CCc1ncnc(-c2ccc(C(=O)N3CCC(N4CCN(C)CC4)CC3)c(F)c2)c1C#Cc1ccc(N)nc1,6.6882461389442405,8.52287874528033,0.7
113,CCc1ncnc(-c2ccc(C(=O)N3CCC(N4CCOCC4)CC3)c(F)c2)c1C#Cc1ccc(N)nc1,6.6307841425898495,8.69897000433601,0.6
114,CCc1ncnc(-c2ccc(C(=O)N3CCN(C4CCN(C)CC4)CC3)c(F)c2)c1C#Cc1ccc(N)nc1,6.7033348097384575,8.69897000433601,0.7
115,CCc1ncnc(-c2ccc(C(=O)NC3CCN(C)CC3)c(F)c2)c1C#Cc1ccc(N)nc1,6.36051351073141,7.52287874528033,0.6
116,CCc1ncnc(-c2ccc(C(=O)C3CCC(C)(O)CC3)c(F)c2)c1C#Cc1ccc(N)nc1,6.95860731484177,8.69897000433601,0.7
117,CCc1ncnc(-c2ccc(C(=O)N3CCC(N4CCN(C5CCN(C)CC5)CC4)CC3)c(F)c2)c1C#Cc1ccc(N)nc1,6.61261017366126,8.69897000433601,0.7
118,CCc1ncnc(-c2ccc(C(=O)N(C)O)c(F)c2)c1C#Cc1ccc(N)nc1,7.37675070960209,8.39794000867203,0.6
119,CCc1ncnc(-c2ccc(C(=O)N3CCN(CC(F)(F)F)CC3)c(F)c2)c1C#Cc1ccc(N)nc1,6.87614835903291,8.52287874528033,0.7
120,CCc1ncnc(-c2ccc(C(=O)N3CCC(N4CCCCC4)CC3)c(F)c2)c1C#Cc1ccc(N)nc1,6.30980391997148,8.30102999566398,0.6
121,CCc1ncnc(-c2ccc(C(=O)N3CCC(O)CC3)c(F)c2)c1C#Cc1ccc(N)nc1,7.0705810742857,8.999999999999991,0.7
122,CCc1ncnc(-c2ccc(C(=O)N(C)CC3CCCN(C)C3)c(F)c2)c1C#Cc1ccc(N)nc1,6.489454989793379,7.619788758288389,0.7
123,CCc1ncnc(-c2ccc(C(=O)NCC3CCCN(C)C3)c(F)c2)c1C#Cc1ccc(N)nc1,6.20065945054641,7.481486060122111,0.7
124,CCc1ncnc(-c2ccc(C(=O)NCC3CCN(C)C3)c(F)c2)c1C#Cc1ccc(N)nc1,6.474955192963152,7.481486060122111,0.7
125,CCc1ncnc(-c2ccc(C(=O)N(C)CC3CCN(C)CC3)c(F)c2)c1C#Cc1ccc(N)nc1,6.4698003017969095,7.8860566476931595,0.7
126,CCc1ncnc(-c2ccc(C(=O)NCC3CCN(C)CC3)c(F)c2)c1C#Cc1ccc(N)nc1,6.518557371497692,7.55284196865778,0.7
127,CCc1ncnc(-c2ccc(C(=O)N3CCC(N4CCN(CC)CC4)CC3)c(F)c2)c1C#Cc1ccc(N)nc1,6.51570016065321,8.30102999566398,0.6
128,CCc1ncnc(-c2ccc(C(=O)N3CCC(C(C)(C)O)CC3)c(F)c2)c1C#Cc1ccc(N)nc1,6.76955107862172,8.999999999999991,0.7
129,CCc1ncnc(-c2ccc(C(=O)N(C)CCC3(O)CCCC3)c(F)c2)c1C#Cc1ccc(N)nc1,7.16749108729376,8.30102999566398,0.6
130,CCc1ncnc(-c2ccc(C(=O)N(C)CC(C)(C)O)c(F)c2)c1C#Cc1ccc(N)nc1,7.07572071393811,8.39794000867203,0.7
131,CCc1ncnc(-c2ccc(C(=O)N3CCN(C(C)=O)CC3)c(F)c2)c1C#Cc1ccc(N)nc1C,6.83564714421556,8.39794000867203,0.7
132,CCCCN1CCN(C(=O)c2ccc(-c3ncnc(CC)c3C#Cc3ccc(N)nc3)cc2F)CC1,6.65955588515988,8.39794000867203,0.6
133,CCc1ncnc(-c2ccc(C(=O)N3CCN(C4CCOCC4)CC3)c(F)c2)c1C#Cc1ccc(N)nc1,6.89619627904404,8.52287874528033,0.7
134,CCc1ncnc(-c2ccc(C(=O)N3CCN(CC(=O)N(C)C)CC3)c(F)c2)c1C#Cc1ccc(N)nc1,6.93930215964638,8.15490195998574,0.6
135,CCc1ncnc(-c2ccc(C(=O)N3CCN(C4CCS(=O)(=O)C4)CC3)c(F)c2)c1C#Cc1ccc(N)nc1,7.02227639471115,8.39794000867203,0.7
136,CCc1ncnc(-c2ccc(C(=O)N3CCN4CCCCC4C3)c(F)c2)c1C#Cc1ccc(N)nc1,6.63264407897398,8.15490195998574,0.7
137,CCc1ncnc(-c2ccc(C(=O)N3CCN(CC4CCCO4)CC3)c(F)c2)c1C#Cc1ccc(N)nc1,6.92811799269387,8.39794000867203,0.6
138,CCc1ncnc(-c2ccc(C(=O)N3CCN(S(=O)(=O)CC)CC3)c(F)c2)c1C#Cc1ccc(N)nc1,7.2839966563652006,8.30102999566398,0.7
139,CCc1ncnc(-c2ccc(C(=O)N3CCN(C(C)=O)CC3)c(F)c2)c1C#Cc1ccc(N)nc1,7.20760831050174,8.22184874961635,0.8
140,CCc1ncnc(-c2ccc(C(=O)N3CCN(CCO)CC3)c(F)c2)c1C#Cc1ccc(N)nc1,6.96257350205937,8.39794000867203,0.6
141,CCc1ncnc(-c2ccc(C(=O)N3CCN(c4ccccn4)CC3)c(F)c2)c1C#Cc1ccc(N)nc1,6.90657831483776,8.15490195998574,0.6
142,CCc1ncnc(-c2ccc(C(=O)N3CCN(c4ccncc4)CC3)c(F)c2)c1C#Cc1ccc(N)nc1,6.5751183633689285,8.15490195998574,0.6
143,CCc1ncnc(-c2ccc(C(=O)N3CCN(CC4CCCCC4)CC3)c(F)c2)c1C#Cc1ccc(N)nc1,5.7387371312074995,7.4089353929735005,0.6
144,CCc1ncnc(-c2ccc(C(=O)N3CCN(CCOC)CC3)c(F)c2)c1C#Cc1ccc(N)nc1,6.8386319977650185,8.22184874961635,0.6
145,CCc1ncnc(-c2ccc(C(=O)N3CCN(C4CCCC4)CC3)c(F)c2)c1C#Cc1ccc(N)nc1,6.82102305270683,8.22184874961635,0.7
146,CCc1ncnc(-c2ccc(C(=O)N3CCN(Cc4ccccc4)CC3)c(F)c2)c1C#Cc1ccc(N)nc1,6.3223930472794985,7.92081875395237,0.6
147,CCc1ncnc(-c2ccc(C(=O)N3CCN(c4ccccc4)CC3)c(F)c2)c1C#Cc1ccc(N)nc1,6.701146923590291,8.0,0.7
148,CCc1ncnc(-c2ccc(C(=O)N3CCN(CCN(C)C)CC3)c(F)c2)c1C#Cc1ccc(N)nc1,6.34486156518861,7.7958800173440705,0.6
149,CCc1ncnc(-c2ccc(C(=O)N3CCC(N(C)C)CC3)c(F)c2)c1C#Cc1ccc(N)nc1,6.459670525209121,7.7958800173440705,0.6
150,CCc1ncnc(-c2ccc(C(=O)N3CCCOCC3)c(F)c2)c1C#Cc1ccc(N)nc1,7.30980391997148,8.69897000433601,0.7
151,CCc1ncnc(-c2ccc(C(=O)N3CCC(O)(CN(C)C)CC3)c(F)c2)c1C#Cc1ccc(N)nc1,6.32790214206428,7.55284196865778,0.2
152,CCc1ncnc(-c2ccc(C(=O)N3CCC(CCO)CC3)c(F)c2)c1C#Cc1ccc(N)nc1,6.903089986991942,8.22184874961635,0.2
153,CCc1ncnc(-c2ccc(C(=O)N3CCS(=O)CC3)c(F)c2)c1C#Cc1ccc(N)nc1,7.3372421683184195,8.52287874528033,0.7
154,CCc1ncnc(-c2ccc(C(=O)N3CCN(CC4CC4)CC3)c(F)c2)c1C#Cc1ccc(N)nc1,6.60380065290426,8.30102999566398,0.6
155,CCc1ncnc(-c2ccc(C(=O)N3CCN(OC)CC3)c(F)c2)c1C#Cc1ccc(N)nc1,7.0861861476162815,8.04575749056067,0.2
156,CCc1ncnc(-c2ccc(C(=O)N3CCC(N4CCC(C)CC4)C3)c(F)c2)c1C#Cc1ccc(N)nc1,6.50445566245355,7.8860566476931595,0.7
157,CCc1ncnc(-c2ccc(C(=O)N3CCCC(O)C3)c(F)c2)c1C#Cc1ccc(N)nc1,7.19382002601611,8.22184874961635,0.6
158,CCc1ncnc(-c2ccc(C(=O)N3CCC(N4CCCCCC4)CC3)c(F)c2)c1C#Cc1ccc(N)nc1,6.444905551421679,7.619788758288389,0.7
159,CCc1ncnc(-c2ccc(C(=O)N3CCC(N4CCCC4)CC3)c(F)c2)c1C#Cc1ccc(N)nc1,6.49079747766889,7.76955107862172,0.6
160,CCc1ncnc(-c2ccc(C(=O)N3CCNCC3)c(F)c2)c1C#Cc1ccc(N)nc1,7.2441251443275,7.8860566476931595,0.6
161,CCc1ncnc(-c2ccc(C(=O)N3CCN(CC4CCCN(C)C4)CC3)c(F)c2)c1C#Cc1ccc(N)nc1,6.725842150736308,7.92081875395237,0.6
162,CCOC(=O)N1CCN(C(=O)c2ccc(-c3ncnc(CC)c3C#Cc3ccc(N)nc3)cc2F)CC1,6.88941028970075,7.7958800173440705,0.7
163,CCc1ncnc(-c2ccc(C(=O)N3CCN(C(=NC)NC#N)CC3)c(F)c2)c1C#Cc1ccc(N)nc1,7.5686362358410095,8.09691001300805,0.2
164,CCc1ncnc(-c2ccc(C(=O)N3CCCN(C)CC3)c(F)c2)c1C#Cc1ccc(N)nc1,6.393618634889388,7.76955107862172,0.7
165,CCc1ncnc(-c2ccc(C(=O)N(C)CCN3CCCC3=O)c(F)c2)c1C#Cc1ccc(N)nc1,7.259637310505751,7.85387196432176,0.6
166,CCc1ncnc(-c2ccc(C(=O)N3CCOC(C)(C)C3)c(F)c2)c1C#Cc1ccc(N)nc1,6.96617430604668,8.0484196550966,0.7
167,CCc1ncnc(-c2ccc(C(=O)N3CCN(C4CC4)CC3)c(F)c2)c1C#Cc1ccc(N)nc1,6.89619627904404,8.52287874528033,0.7
168,CCc1ncnc(-c2ccc(C(=O)N3CCN(C(C)C)CC3)c(F)c2)c1C#Cc1ccc(N)nc1,6.7033348097384575,8.22184874961635,0.7
169,CCc1ncnc(-c2ccc(C(=O)N3CCC(O)(C(F)(F)F)CC3)c(F)c2)c1C#Cc1ccc(N)nc1,6.489454989793379,7.76955107862172,0.2
170,CCc1ncnc(-c2ccc(C(=O)N3CCC(O)(C(C)C)CC3)c(F)c2)c1C#Cc1ccc(N)nc1,6.642065152999541,8.15490195998574,0.2
171,CCc1ncnc(-c2ccc(C(=O)N3CCC(O)(CC)CC3)c(F)c2)c1C#Cc1ccc(N)nc1,6.57024771999759,8.39794000867203,0.6
172,CCc1ncnc(-c2ccc(C(=O)N3CCC(O)(c4ccccc4)CC3)c(F)c2)c1C#Cc1ccc(N)nc1,6.8477116556169415,8.09691001300805,0.7
173,CCc1ncnc(-c2ccc(C(=O)N3CCN(C)C(C)(C)C3)c(F)c2)c1C#Cc1ccc(N)nc1,6.46344155742846,7.8860566476931595,0.7
174,CCc1ncnc(-c2ccc(C(=O)N3CCN(C)C(C)C3)c(F)c2)c1C#Cc1ccc(N)nc1,6.80410034759076,8.09691001300805,0.7
175,CCc1ncnc(-c2ccc(C(=O)N3CCN(C(C)CC)CC3)c(F)c2)c1C#Cc1ccc(N)nc1,6.40671393297954,8.0,0.7
176,CCc1ncnc(-c2ccc(C(=O)N3CCN(C(CC)CC)CC3)c(F)c2)c1C#Cc1ccc(N)nc1,6.41566877563246,7.7958800173440705,0.6
177,CCc1ncnc(-c2ccc(C(=O)N3CCC[C@@H]3CO)c(F)c2)c1C#Cc1ccc(N)nc1,6.92445303860746,8.30102999566398,0.7
178,CCc1ncnc(-c2ccc(C(=O)N3CC(C)NC(C)C3)c(F)c2)c1C#Cc1ccc(N)nc1,6.7351821769904605,7.585026652029179,0.7
179,CCc1ncnc(-c2ccc(C(=O)N3CCN(C)C(=O)C3)c(F)c2)c1C#Cc1ccc(N)nc1,6.93930215964638,8.69897000433601,0.7
180,CCc1ncnc(-c2ccc(C(=O)N3[C@H]4C[C@@H]3N4C)c(F)c2)c1C#Cc1ccc(N)nc1,6.47755576649367,7.67778070526608,0.0
181,CCc1ncnc(-c2ccc(C(=O)N3CCC[C@H]3CO)c(F)c2)c1C#Cc1ccc(N)nc1,6.866620788076483,8.49485002168009,0.7
182,CCc1ncnc(-c2ccc(C(=O)N3CCN(CC4CC4)CC3)c(Cl)c2)c1C#Cc1ccc(N)nc1,6.641874714723349,8.28357926615344,0.7
183,CCc1ncnc(-c2ccc(C(=O)N3CCN(C(C)(C)O)CC3)c(Cl)c2)c1C#Cc1ccc(N)nc1,6.99567862621735,8.30102999566398,0.2
184,CCc1ncnc(-c2ccc(C(=O)N3CCC(C4CCN(C)CC4)CC3)c(Cl)c2)c1C#Cc1ccc(N)nc1,6.426954250440941,8.155212281172151,0.6
185,CCc1ncnc(-c2ccc(C(=O)NC3CCCN(C)C3)c(Cl)c2)c1C#Cc1ccc(N)nc1,6.29255757636125,7.24599587198936,0.7
186,CCc1ncnc(-c2ccc(C(=O)N3CCS(=O)CC3)c(Cl)c2)c1C#Cc1ccc(N)nc1,7.195213358230292,8.56066730616973,0.6
187,CCc1ncnc(-c2ccc(C(=O)N3CCC(OC)CC3)c(Cl)c2)c1C#Cc1ccc(N)nc1,7.02798240132598,8.214670164989231,0.7
188,CCc1ncnc(-c2ccc(C(=O)N3CCC(C)(O)CC3)c(Cl)c2)c1C#Cc1ccc(N)nc1,7.11410189872921,8.22548303427145,0.7
189,CCc1ncnc(-c2ccc(C(=O)N3CC[C@H](O)C3)c(Cl)c2)c1C#Cc1ccc(N)nc1,7.235524972565591,8.700057099977231,0.7
190,CCc1ncnc(-c2ccc(C(=O)N3CC[C@@H](O)C3)c(Cl)c2)c1C#Cc1ccc(N)nc1,7.18177410638604,8.40120949323688,0.7
191,CCc1ncnc(-c2ccc(C(=O)N3CCCC(O)C3)c(Cl)c2)c1C#Cc1ccc(N)nc1,7.18691963913208,8.51286162452281,0.7
192,CCc1ncnc(-c2ccc(C(=O)N3CCC(N4CCCCCC4)CC3)c(Cl)c2)c1C#Cc1ccc(N)nc1,6.3766990109553,7.3667335888445695,0.6
193,CCc1ncnc(-c2ccc(C(=O)N3CCC(N(C)C)CC3)c(Cl)c2)c1C#Cc1ccc(N)nc1,6.3635622560205976,7.5250556645346105,0.6
194,CCc1ncnc(-c2ccc(C(=O)N3CCC(N(C)C)C3)c(Cl)c2)c1C#Cc1ccc(N)nc1,6.75264057753106,7.7015836199387,0.6
195,CCc1ncnc(-c2ccc(C(=O)N3CCC(N4CCCC4)CC3)c(Cl)c2)c1C#Cc1ccc(N)nc1,6.33054364681633,7.84345084866821,0.7
196,CCc1ncnc(-c2ccc(C(=O)N3CCNCC3)c(Cl)c2)c1C#Cc1ccc(N)nc1,6.78581869133617,8.10100072911021,0.7
197,CCc1ncnc(-c2ccc(C(=O)N(C)O)c(Cl)c2)c1C#Cc1ccc(N)nc1,7.17250149186654,7.77121479901935,0.2
198,CCc1ncnc(-c2ccc(C(=O)N3CCCN(C)CC3)c(Cl)c2)c1C#Cc1ccc(N)nc1,6.39243775681641,7.65580428412856,0.7
199,CCc1ncnc(-c2ccc(C(=O)N3CCN(c4ccncc4)CC3)c(Cl)c2)c1C#Cc1ccc(N)nc1,6.680061560019691,8.00766744095253,0.6
200,CCc1ncnc(-c2ccc(C(=O)N3CCN(O)CC3)c(Cl)c2)c1C#Cc1ccc(N)nc1,7.275724130399211,8.52287874528033,0.3
201,CCc1ncnc(-c2ccc(C(=O)N3CCCOCC3)c(Cl)c2)c1C#Cc1ccc(N)nc1,7.186018924363519,8.32011805788713,0.7
202,CCc1ncnc(-c2ccc(C(=O)NCC3(C)COC3)c(Cl)c2)c1C#Cc1ccc(N)nc1,7.180456064458129,8.155212281172151,0.7
203,CCc1ncnc(-c2ccc(C(=O)N3CCN(Cc4ccccc4)CC3)c(Cl)c2)c1C#Cc1ccc(N)nc1,6.18177410638604,7.53513801923396,0.7
204,Cc1ncnc(-c2ccc(C(=O)N3CCN(c4ccccc4)CC3)cc2)c1C#Cc1ccc(N)nc1,7.17392519729917,8.39794000867203,0.6
205,COCCN1CCN(C(=O)c2ccc(-c3ncnc(C)c3C#Cc3ccc(N)nc3)cc2)CC1,6.92811799269387,8.52287874528033,0.7
206,CCCCN1CCN(C(=O)c2ccc(-c3ncnc(C)c3C#Cc3ccc(N)nc3)cc2)CC1,6.815308569182402,8.09691001300805,0.6
207,Cc1ncnc(-c2ccc(C(=O)N3CCN4CCCCC4C3)cc2)c1C#Cc1ccc(N)nc1,7.09151498112135,7.76955107862172,0.7
208,Cc1ncnc(-c2ccc(C(=O)N3CCN(C4CCS(=O)(=O)C4)CC3)cc2)c1C#Cc1ccc(N)nc1,6.87289520163519,8.39794000867203,0.6
209,Cc1ncnc(-c2ccc(C(=O)N3CCN(C4CCOCC4)CC3)cc2)c1C#Cc1ccc(N)nc1,7.18708664335714,8.52287874528033,0.7
210,Cc1ncnc(-c2ccc(C(=O)N3CCN(CCO)CC3)cc2)c1C#Cc1ccc(N)nc1,6.97469413473522,8.52287874528033,0.7
211,Cc1ncnc(-c2ccc(C(=O)N3CCN(C4CCCC4)CC3)cc2)c1C#Cc1ccc(N)nc1,6.903089986991942,8.39794000867203,0.6
212,CCc1ncnc(-c2ccc(C(=O)NC3CCCN(C)C3)c(F)c2)c1C#Cc1ccc(N)nc1,6.55284196865778,7.50863830616572,0.7
213,CCc1ncnc(-c2ccc(C(=O)NC3CC(N4CCN(C)CC4)C3)c(F)c2)c1C#Cc1ccc(N)nc1,6.69250396208678,8.52287874528033,0.7
214,CCc1ncnc(-c2ccc(C(=O)NC3CCN(C)C3)c(F)c2)c1C#Cc1ccc(N)nc1,6.459670525209121,7.823908740944309,0.7
215,CCc1ncnc(-c2ccc(C(=O)NC[C@H]3CCCN3CC)c(F)c2)c1C#Cc1ccc(N)nc1,6.247183568811718,7.3372421683184195,0.6
216,CCc1ncnc(-c2ccc(C(=O)NC3CCN(CCOC)CC3)c(F)c2)c1C#Cc1ccc(N)nc1,6.87289520163519,7.95860731484177,0.6
217,CCc1ncnc(-c2ccc(C(=O)NC3CC(C)(C)N(C)C(C)(C)C3)c(F)c2)c1C#Cc1ccc(N)nc1,6.3840499483435895,7.7958800173440705,0.3
218,CCc1ncnc(-c2ccc(C(=O)N3CC[C@H](O)C3)c(F)c2)c1C#Cc1ccc(N)nc1,7.2441251443275,8.999999999999991,0.7
219,CCc1ncnc(-c2ccc(C(=O)N3CC[C@@H](O)C3)c(F)c2)c1C#Cc1ccc(N)nc1,7.161150909262742,8.69897000433601,0.7
220,CCc1ncnc(-c2ccc(C(=O)NC3CCCN(C4CCN(C)CC4)C3)c(F)c2)c1C#Cc1ccc(N)nc1,6.474955192963152,7.55284196865778,0.7
221,CCc1ncnc(-c2ccc(C(=O)NC3CC(N4CCN(O)CC4)C3)c(F)c2)c1C#Cc1ccc(N)nc1,6.454692883534171,7.8860566476931595,0.2
222,CCc1ncnc(-c2ccc(C(=O)NC3CC(N4CCCCC4)C3)c(F)c2)c1C#Cc1ccc(N)nc1,6.36051351073141,8.0,0.7
223,CCc1ncnc(-c2ccc(C(=O)NC3CC(N4CCC(N5CCCC5)CC4)C3)c(F)c2)c1C#Cc1ccc(N)nc1,6.51144928349955,8.09691001300805,0.6
224,CCc1ncnc(-c2ccc(C(=O)NC3CC(N4CCCC4)C3)c(F)c2)c1C#Cc1ccc(N)nc1,6.801342913045571,7.95860731484177,0.7
225,CCc1ncnc(-c2ccc(C(=O)NC3CCN(C4CCN(C)CC4)C3)c(F)c2)c1C#Cc1ccc(N)nc1,6.431798275933,8.15490195998574,0.7
226,CCc1ncnc(-c2ccc(C(=O)NCCN3CCCC3=O)c(F)c2)c1C#Cc1ccc(N)nc1,7.3372421683184195,8.30102999566398,0.6
227,CCc1ncnc(-c2ccc(C(=O)NC3CCS(=O)(=O)C3)c(F)c2)c1C#Cc1ccc(N)nc1,7.10237290870955,8.30102999566398,0.7
228,CCc1ncnc(-c2ccc(C(=O)NC3CC(C)(C)NC(C)(C)C3)c(F)c2)c1C#Cc1ccc(N)nc1,6.5654310959658,7.744727494896691,0.7
229,CCc1ncnc(-c2ccc(C(=O)NCC3(C)COC3)c(F)c2)c1C#Cc1ccc(N)nc1,7.14266750356873,8.999999999999991,0.7
230,CCc1ncnc(-c2ccc(C(=O)N3CCC(N(C)C)C3)c(F)c2)c1C#Cc1ccc(N)nc1,6.6439741428068695,8.69897000433601,0.6
231,CCc1ncnc(-c2ccc(C(=O)N(C)C3CCS(=O)(=O)C3)c(F)c2)c1C#Cc1ccc(N)nc1,7.229147988357849,8.999999999999991,0.6
232,CCc1ncnc(-c2ccc(C(=O)NCCN3CCOCC3)c(F)c2)c1C#Cc1ccc(N)nc1,7.3565473235138095,8.39794000867203,0.7
233,CCc1ncnc(-c2ccc(C(=O)N3CCCO3)c(F)c2)c1C#Cc1ccc(N)nc1,7.09691001300805,8.30102999566398,0.7
234,CCc1ncnc(-c2ccc(C(=O)N3CCCCO3)c(F)c2)c1C#Cc1ccc(N)nc1,6.97881070093006,7.95860731484177,0.7
235,CCc1ncnc(-c2ccc(C(=O)N3CC(O)CO3)c(F)c2)c1C#Cc1ccc(N)nc1,7.19382002601611,8.15490195998574,0.6
236,CCc1ncnc(-c2ccc(C(=O)N(C)OC)c(F)c2)c1C#Cc1ccc(N)nc1,7.20065945054641,8.15490195998574,0.6
237,CCc1ncnc(-c2ccc(C(=O)N3CCCO3)cc2)c1C#Cc1ccc(N)nc1,7.37675070960209,8.0,0.7
238,CCc1ncnc(-c2ccc(C(=O)N3CCCCO3)cc2)c1C#Cc1ccc(N)nc1,7.11350927482751,7.8860566476931595,0.7
239,CCc1ncnc(-c2ccc(C(=O)N3CC(O)CO3)cc2)c1C#Cc1ccc(N)nc1,7.4089353929735005,7.92081875395237,0.6
240,CCc1ncnc(-c2ccc(C(=O)N(C)OC)cc2)c1C#Cc1ccc(N)nc1,7.180456064458129,7.7958800173440705,0.6
241,Cc1ncnc(-c2ccc(C(=O)N3CCCO3)c(F)c2)c1C#Cc1ccc(N)nc1,7.3187587626244115,8.0,0.6
242,Cc1ncnc(-c2ccc(C(=O)N3CCCCO3)c(F)c2)c1C#Cc1ccc(N)nc1,7.32790214206428,7.76955107862172,0.6
243,Cc1ncnc(-c2ccc(C(=O)N3CC(O)CO3)c(F)c2)c1C#Cc1ccc(N)nc1,7.2839966563652006,8.09691001300805,0.6
244,CON(C)C(=O)c1ccc(-c2ncnc(C)c2C#Cc2ccc(N)nc2)cc1F,7.18708664335714,7.92081875395237,0.7
245,Cc1ncnc(-c2ccc(C(=O)N3CCCO3)c(Cl)c2)c1C#Cc1ccc(N)nc1,7.431798275933,7.823908740944309,0.3
246,Cc1ncnc(-c2ccc(C(=O)N3CCCCO3)c(Cl)c2)c1C#Cc1ccc(N)nc1,7.3372421683184195,7.65757731917779,0.6
247,Cc1ncnc(-c2ccc(C(=O)N3CC(O)CO3)c(Cl)c2)c1C#Cc1ccc(N)nc1,7.42021640338318,8.04575749056067,0.6
248,CON(C)C(=O)c1ccc(-c2ncnc(C)c2C#Cc2ccc(N)nc2)cc1Cl,7.34678748622465,7.76955107862172,0.7
249,CCc1ncnc(-c2ccc(C(=O)N3CCC(N4CCOCC4)C3)c(F)c2)c1C#Cc1ccc(N)nc1,6.806875401645532,8.09691001300805,0.7
250,CCc1ncnc(-c2ccc(C(=O)N3CCC(N4CCCC4)C3)c(F)c2)c1C#Cc1ccc(N)nc1,6.64589156085259,7.76955107862172,0.7
251,CCc1ncnc(-c2ccc(C(=O)N3CC[C@@H](N(C)C)C3)c(F)c2)c1C#Cc1ccc(N)nc1,6.57024771999759,8.09691001300805,0.6
252,CCc1ncnc(-c2ccc(C(=O)N3CC[C@H](N(C)C)C3)c(F)c2)c1C#Cc1ccc(N)nc1,6.79317412396814,7.744727494896691,0.6
253,CCc1ncnc(-c2ccc(C(=O)N3CCC(N(CC)CC)C3)c(F)c2)c1C#Cc1ccc(N)nc1,6.417936637088291,7.602059991327961,0.7
254,CCc1ncnc(-c2ccc(C(=O)N3CCOCC3)c(F)c2)c1C#Cc1ccc(N)nc1,7.259637310505751,8.52287874528033,0.6
255,CCc1ncnc(-c2ccc(C(=O)N3CCN(C)CC3)nc2)c1C#Cc1ccc(N)nc1,6.669586226650798,7.619788758288389,0.6
256,CCc1ncnc(-c2cc(F)c(C(=O)N3CCN(C)CC3)c(F)c2)c1C#Cc1ccc(N)nc1,6.87811201489631,8.88941028970075,0.7
257,CCc1ncnc(-c2cc(F)c(C(=O)N3CCN(C(C)C)CC3)c(F)c2)c1C#Cc1ccc(N)nc1,6.6247022617826605,8.66154350639539,0.6
258,CCc1ncnc(-c2cc(F)c(C(=O)N3CCN(CC)CC3)c(F)c2)c1C#Cc1ccc(N)nc1,6.55940573816016,8.649751981665831,0.6
259,CCCN1CCN(C(=O)c2c(F)cc(-c3ncnc(CC)c3C#Cc3ccc(N)nc3)cc2F)CC1,6.87484417041946,8.6695862266508,0.6
260,CCc1ncnc(-c2cc(F)c(C(=O)N3CCN(CCOC)CC3)c(F)c2)c1C#Cc1ccc(N)nc1,7.1034737825104415,8.667561540084389,0.6
261,CCc1ncnc(-c2cc(F)c(C(=O)N3CCN(C4CCOCC4)CC3)c(F)c2)c1C#Cc1ccc(N)nc1,6.9072793553159,9.45593195564972,0.7
262,CCc1ncnc(-c2cc(F)c(C(=O)N3CCN(CC4CC4)CC3)c(F)c2)c1C#Cc1ccc(N)nc1,6.723308471154961,9.0268721464003,0.7
263,CCc1ncnc(-c2cc(F)c(C(=O)N3CCN(C(C)(C)C)CC3)c(F)c2)c1C#Cc1ccc(N)nc1,5.87778412172717,8.12378215940835,0.6
264,CCc1ncnc(-c2cc(F)c(C(=O)N3CCC(N4CCOCC4)CC3)c(F)c2)c1C#Cc1ccc(N)nc1,6.700274846024362,9.397940008672029,0.7
265,CCc1ncnc(-c2cc(F)c(C(=O)N(C)C)c(F)c2)c1C#Cc1ccc(N)nc1,7.309272456129628,8.60380065290426,0.6
266,CCc1ncnc(-c2cc(F)c(C(=O)N3CCCC3)c(F)c2)c1C#Cc1ccc(N)nc1,6.90378541465359,9.0268721464003,0.7
267,CCc1ncnc(-c2cc(F)c(C(=O)NC)c(F)c2)c1C#Cc1ccc(N)nc1,7.18708664335714,8.465973893943861,0.7
268,CCc1ncnc(-c2cc(F)c(C(=O)NCCN3CCOCC3)c(F)c2)c1C#Cc1ccc(N)nc1,6.81219736128158,8.421360790031919,0.6
269,CCc1ncnc(-c2cc(F)c(C(=O)N3CCNCC3)c(F)c2)c1C#Cc1ccc(N)nc1,6.452594540332509,8.99139982823808,0.6
270,CCc1ncnc(-c2ccc(C(=O)N3C[C@H]4C[C@@H]3CN4C)c(F)c2)c1C#Cc1ccc(N)nc1,6.47729500726524,7.679645967182321,0.2
271,CCc1ncnc(-c2ccc(C(=O)N3CCC4(CC3)OCCCO4)c(Cl)c2)c1C#Cc1ccc(N)nc1,7.04359142880416,8.05848856736559,0.6
272,CCc1ncnc(-c2ccc(C(=O)N3CCC(C(C)(C)O)CC3)c(Cl)c2)c1C#Cc1ccc(N)nc1,6.9974020192800905,8.34678748622465,0.7
273,CCc1ncnc(-c2ccc(C(=O)N3CCC4(CCN(C)CC4)CC3)c(Cl)c2)c1C#Cc1ccc(N)nc1,6.303119628317231,7.49335969443349,0.7
274,CCc1ncnc(-c2ccc(C(=O)N3CCC(O)CC3)c(Cl)c2)c1C#Cc1ccc(N)nc1,7.2766264329810095,8.552841968657768,0.6
275,CCc1ncnc(-c2ccc(C(=O)N3CCC4(CCN(C)C4)C3)c(Cl)c2)c1C#Cc1ccc(N)nc1,6.289205900069669,7.396963943749469,0.6
276,CCCCN1CCN(C(=O)c2ccc(-c3ncnc(CC)c3C#Cc3ccc(N)nc3)cc2OC)CC1,6.29955589897224,8.34486156518861,0.6
277,CCc1ncnc(-c2ccc(C(=O)N3CCC(C(C)(C)O)CC3)c(OC)c2)c1C#Cc1ccc(N)nc1,6.634137784597441,7.94500413847085,0.7
278,CCc1ncnc(-c2ccc(C(=O)N3CCC(N4CCN(C)CC4)CC3)c(OC)c2)c1C#Cc1ccc(N)nc1,7.013855535289482,7.991399828238079,0.7
279,CCc1ncnc(-c2ccc(C(=O)N3CCCC(O)C3)c(OC)c2)c1C#Cc1ccc(N)nc1,6.98213228103649,7.92591531097175,0.7
280,CCc1ncnc(-c2ccc(C(=O)N3CCC(N4CCOCC4)CC3)c(OC)c2)c1C#Cc1ccc(N)nc1,6.83445892327762,7.90378541465359,0.7
281,CCc1ncnc(-c2ccc(C(=O)N3CCOCC3)c(OC)c2)c1C#Cc1ccc(N)nc1,6.99869906697958,8.19791074211826,0.7
282,CCc1ncnc(-c2ccc(C(=O)N3CC(O)CO3)c(OC)c2)c1C#Cc1ccc(N)nc1,7.12761061158217,8.17783192063198,0.2
283,CCc1ncnc(-c2ccc(C(=O)N3CCCO3)c(OC)c2)c1C#Cc1ccc(N)nc1,6.80437705641306,8.052566278112941,0.7
284,CCc1ncnc(-c2ccc(C(=O)N3CCCC(N(C)C)C3)c(OC)c2)c1C#Cc1ccc(N)nc1,6.68739956073874,7.05315488603937,0.6
285,CCc1ncnc(-c2ccc(C(=O)N3CCC(N4CCC(C)CC4)C3)c(OC)c2)c1C#Cc1ccc(N)nc1,6.2379970306248795,7.12453358413361,0.5
286,CCc1ncnc(-c2ccc(C(=O)N3CCC4(CCN(C)CC4)CC3)c(OC)c2)c1C#Cc1ccc(N)nc1,6.33695902510602,7.291409154849651,0.6
287,CCc1ncnc(-c2ccc(C(=O)N3CCN(C4CCS(=O)(=O)C4)CC3)c(OC)c2)c1C#Cc1ccc(N)nc1,6.78251605578609,8.140261433802849,0.7
288,CCc1ncnc(-c2ccc(C(=O)N3CC[C@H](N(C)C)C3)c(OC)c2)c1C#Cc1ccc(N)nc1,6.828566099056991,7.207958689287911,0.7
289,CCc1ncnc(-c2ccc(C(=O)N3CC[C@@H](N(C)C)C3)c(OC)c2)c1C#Cc1ccc(N)nc1,6.4473317838878,7.47159756204638,0.7
290,CCc1ncnc(-c2ccc(C(=O)N3CCN4CCCCC4C3)c(OC)c2)c1C#Cc1ccc(N)nc1,6.55361818777755,7.67902332265717,0.6
291,CCc1ncnc(-c2ccc(C(=O)N3CCC(N4CCCCCC4)CC3)c(OC)c2)c1C#Cc1ccc(N)nc1,6.59653629865468,7.29679462930451,0.7
292,CCc1ncnc(-c2ccc(C(=O)N3CCC(N(C)C)CC3)c(OC)c2)c1C#Cc1ccc(N)nc1,6.531062194334531,7.4789927475913895,0.6
293,CCc1ncnc(-c2ccc(C(=O)N(C)OC)c(OC)c2)c1C#Cc1ccc(N)nc1,7.158765704493951,8.19178902707577,0.7
294,CCc1ncnc(-c2ccc(C(=O)N(C)C3CCS(=O)(=O)C3)c(OC)c2)c1C#Cc1ccc(N)nc1,6.98842955640272,8.315154638355581,0.7
295,CCOC(=O)N1CCN(C(=O)c2ccc(-c3ncnc(CC)c3C#Cc3ccc(N)nc3)cc2OC)CC1,6.60888838629719,7.709965388637481,0.7
296,CCc1ncnc(-c2ccc(C(=O)N3CCC(N4CCCCC4)CC3)c(OC)c2)c1C#Cc1ccc(N)nc1,6.46483251488505,7.489454989793379,0.7
297,CCc1ncnc(-c2ccc(C(=O)NCCN3CCOCC3)c(OC)c2)c1C#Cc1ccc(N)nc1,6.92664829761309,7.66054855869355,0.7
298,CCc1ncnc(-c2ccc(C(=O)N(C)CCN3CCCC3=O)c(OC)c2)c1C#Cc1ccc(N)nc1,7.05551732784983,7.80244378684646,0.7
299,CCc1ncnc(-c2ccc(C(=O)N3CCC4(CCN(C)C4)C3)c(OC)c2)c1C#Cc1ccc(N)nc1,6.179404503455499,7.26962153141235,0.6
300,CCc1ncnc(-c2ccc(C(=O)N3CCN(CC4CCCCC4)CC3)c(OC)c2)c1C#Cc1ccc(N)nc1,5.51541547071715,7.79887610279261,0.6
301,CCc1ncnc(-c2ccc(C(=O)N3CCN(C4CCCC4)CC3)c(OC)c2)c1C#Cc1ccc(N)nc1,6.385630160451711,8.16621562534352,0.7
302,CCc1ncnc(-c2ccc(C(=O)N3CCN(Cc4ccccc4)CC3)c(OC)c2)c1C#Cc1ccc(N)nc1,6.38163806889012,8.305394801066429,0.7
303,CCc1ncnc(-c2ccc(C(=O)N3CCC(N4CCN(C)CC4)CC3)c(Cl)c2)c1C#Cc1ccc(N)nc1,6.86454930065448,8.928117992693869,0.6
304,CCc1ncnc(-c2ccc(C(=O)N3CCC(N4CCOCC4)CC3)c(Cl)c2)c1C#Cc1ccc(N)nc1,7.000608438280902,8.962573502059369,0.6
305,CCc1ncnc(-c2ccc(C(=O)N3CCOCC3)c(Cl)c2)c1C#Cc1ccc(N)nc1,7.177374321225848,9.337242168318419,0.6
306,CCc1ncnc(-c2ccc(C(=O)N3CC(O)CO3)c(Cl)c2)c1C#Cc1ccc(N)nc1,7.05408848318072,9.096910013008051,0.6
307,CCc1ncnc(-c2ccc(C(=O)N3CCCO3)c(Cl)c2)c1C#Cc1ccc(N)nc1,7.26857241294905,9.56863623584101,0.6
308,CCc1ncnc(-c2ccc(C(=O)N3CCCC(N(C)C)C3)c(Cl)c2)c1C#Cc1ccc(N)nc1,6.560983271612481,7.9079815292472,0.6
309,CCc1ncnc(-c2ccc(C(=O)N3CCC(N4CCC(C)CC4)C3)c(Cl)c2)c1C#Cc1ccc(N)nc1,6.6330170240221396,8.7495799976911,0.6
310,CCc1ncnc(-c2ccc(C(=O)N3CC[C@H](N(C)C)C3)c(Cl)c2)c1C#Cc1ccc(N)nc1,6.888737486340929,8.542118103265999,0.6
311,CCc1ncnc(-c2ccc(C(=O)N3CC[C@@H](N(C)C)C3)c(Cl)c2)c1C#Cc1ccc(N)nc1,6.634512015109099,8.47108329972234,0.6
312,CCc1ncnc(-c2ccc(C(=O)N(C)OC)c(Cl)c2)c1C#Cc1ccc(N)nc1,7.3012906505574104,8.86327943284359,0.7
313,CCc1ncnc(-c2ccc(C(=O)N(C)C3CCS(=O)(=O)C3)c(Cl)c2)c1C#Cc1ccc(N)nc1,7.31704307369879,8.578396073130161,0.7
314,CCc1ncnc(-c2ccc(C(=O)N3CCN(S(=O)(=O)CC)CC3)c(Cl)c2)c1C#Cc1ccc(N)nc1,7.40373287360448,9.44369749923271,0.7
315,CCOC(=O)N1CCN(C(=O)c2ccc(-c3ncnc(CC)c3C#Cc3ccc(N)nc3)cc2Cl)CC1,7.08772478950118,8.444905551421678,0.7
316,CCc1ncnc(-c2ccc(C(=O)N3CCC(N4CCCCC4)CC3)c(Cl)c2)c1C#Cc1ccc(N)nc1,6.3320803146826306,8.22184874961635,0.6
317,CCc1ncnc(-c2ccc(C(=O)NCCN3CCOCC3)c(Cl)c2)c1C#Cc1ccc(N)nc1,6.945386945443111,8.42021640338319,0.7
318,CCc1ncnc(-c2ccc(C(=O)N(C)CCN3CCCC3=O)c(Cl)c2)c1C#Cc1ccc(N)nc1,7.24872089601665,8.356547323513809,0.6
319,CCCCN1CCN(C(=O)c2ccc(-c3ncnc(CC)c3C#Cc3ccc(N)nc3)cc2C)CC1,6.83268266525182,8.81815641205522,0.7
320,CCc1ncnc(-c2ccc(C(=O)N3CCC(C(C)(C)O)CC3)c(C)c2)c1C#Cc1ccc(N)nc1,7.103198302335072,8.43889861635094,0.7
321,CCc1ncnc(-c2ccc(C(=O)N3CCN(C4CCOCC4)CC3)c(C)c2)c1C#Cc1ccc(N)nc1,7.0737090131151295,8.80410034759076,0.7
322,CCc1ncnc(-c2ccc(C(=O)N3CCC(N4CCN(C)CC4)CC3)c(C)c2)c1C#Cc1ccc(N)nc1,6.51286162452281,8.315154638355581,0.6
323,CCc1ncnc(-c2ccc(C(=O)N3CCCC(O)C3)c(C)c2)c1C#Cc1ccc(N)nc1,7.2800889358016505,8.570247719997589,0.7
324,CCc1ncnc(-c2ccc(C(=O)N3CCC(N4CCOCC4)CC3)c(C)c2)c1C#Cc1ccc(N)nc1,6.74811854544747,8.46470587995723,0.6
325,CCc1ncnc(-c2ccc(C(=O)N3CCOCC3)c(C)c2)c1C#Cc1ccc(N)nc1,7.22584814104528,8.554395796726402,0.7
326,CCc1ncnc(-c2ccc(C(=O)N3CC(O)CO3)c(C)c2)c1C#Cc1ccc(N)nc1,6.9710222947912195,8.73992861201492,0.2
327,CCc1ncnc(-c2ccc(C(=O)N3CCCO3)c(C)c2)c1C#Cc1ccc(N)nc1,6.83683862502298,8.61618463401956,0.7
328,CCc1ncnc(-c2ccc(C(=O)N3CCCC(N(C)C)C3)c(C)c2)c1C#Cc1ccc(N)nc1,6.761702932124599,7.89143497626716,0.7
329,CCc1ncnc(-c2ccc(C(=O)N3CCC(N4CCC(C)CC4)C3)c(C)c2)c1C#Cc1ccc(N)nc1,6.699404516110032,7.98254927048946,0.6
330,CCc1ncnc(-c2ccc(C(=O)N3CCC4(CCN(C)CC4)CC3)c(C)c2)c1C#Cc1ccc(N)nc1,6.435570673002008,7.837435593476981,0.6
331,CCc1ncnc(-c2ccc(C(=O)N3CCN(C4CCS(=O)(=O)C4)CC3)c(C)c2)c1C#Cc1ccc(N)nc1,6.79533748825178,8.85078088734462,0.7
332,CCc1ncnc(-c2ccc(C(=O)N3CC[C@H](N(C)C)C3)c(C)c2)c1C#Cc1ccc(N)nc1,6.7201050199883605,7.9566377219788595,0.7
333,CCc1ncnc(-c2ccc(C(=O)N3CC[C@@H](N(C)C)C3)c(C)c2)c1C#Cc1ccc(N)nc1,6.940815382368621,8.7495799976911,0.7
334,CCc1ncnc(-c2ccc(C(=O)N3CCN4CCCCC4C3)c(C)c2)c1C#Cc1ccc(N)nc1,6.5388017113775,8.10790539730952,0.7
335,CCc1ncnc(-c2ccc(C(=O)N3CCC(N4CCCCCC4)CC3)c(C)c2)c1C#Cc1ccc(N)nc1,6.634324859544081,7.937794191180281,0.7
336,CCc1ncnc(-c2ccc(C(=O)N3CCC(N(C)C)CC3)c(C)c2)c1C#Cc1ccc(N)nc1,7.1430295665175,8.49079747766889,0.7
337,CCc1ncnc(-c2ccc(C(=O)N(C)OC)c(C)c2)c1C#Cc1ccc(N)nc1,7.28667749501297,8.542118103265999,0.6
338,CCc1ncnc(-c2ccc(C(=O)N(C)C3CCS(=O)(=O)C3)c(C)c2)c1C#Cc1ccc(N)nc1,7.4339162158319985,9.036212172654439,0.7
339,CCc1ncnc(-c2ccc(C(=O)N3CCN(S(=O)(=O)CC)CC3)c(C)c2)c1C#Cc1ccc(N)nc1,7.2014184052714505,8.605548319173781,0.6
340,CCOC(=O)N1CCN(C(=O)c2ccc(-c3ncnc(CC)c3C#Cc3ccc(N)nc3)cc2C)CC1,7.14557249421213,8.57186520597121,0.7
341,CCc1ncnc(-c2ccc(C(=O)N3CCN(C(C)=O)CC3)c(C)c2)c1C#Cc1ccc(N)nc1,6.58670023591874,8.0150228735845,0.7
342,CCc1ncnc(-c2ccc(C(=O)N3CCC(N4CCCCC4)CC3)c(C)c2)c1C#Cc1ccc(N)nc1,7.0845473983115195,8.455931955649719,0.7
343,CCc1ncnc(-c2ccc(C(=O)NCCN3CCOCC3)c(C)c2)c1C#Cc1ccc(N)nc1,7.49702694093436,8.22329881601158,0.6
344,CCc1ncnc(-c2ccc(C(=O)N(C)CCN3CCCC3=O)c(C)c2)c1C#Cc1ccc(N)nc1,6.60449887569437,7.814741234703409,0.6
345,CCc1ncnc(-c2ccc(C(=O)N3CCC4(CCN(C)C4)C3)c(C)c2)c1C#Cc1ccc(N)nc1,6.38352448611143,8.34582345812203,0.7
346,CCc1ncnc(-c2ccc(C(=O)N3CCN(CC4CCCCC4)CC3)c(C)c2)c1C#Cc1ccc(N)nc1,7.04244059810251,8.910094888560598,0.7
347,CCc1ncnc(-c2ccc(C(=O)N3CCN(C4CCCC4)CC3)c(C)c2)c1C#Cc1ccc(N)nc1,6.8136087843045,8.73754891026957,0.7
348,CCc1ncnc(-c2ccc(C(=O)N3CCN(Cc4ccccc4)CC3)c(C)c2)c1C#Cc1ccc(N)nc1,6.95860731484177,8.16621562534352,0.6
349,CCc1ncnc(-c2ccc(C(=O)N3CCN(CC4CC4)CC3)c(C)c2)c1C#Cc1ccc(N)nc1,7.13383085236622,7.9574244875598,0.7
350,CCc1ncnc(-c2ccc(C(=O)N3CCC4(CC3)OCCCO4)c(C)c2)c1C#Cc1ccc(N)nc1,7.16845014800424,8.29328221766324,0.6
351,CCc1ncnc(-c2ccc(C(=O)N3CCC(OC)CC3)c(C)c2)c1C#Cc1ccc(N)nc1,6.55113915439255,7.960982678002581,0.7
352,CCc1ncnc(-c2ccc(C(=O)N3CCC(C4CCN(C)CC4)CC3)c(C)c2)c1C#Cc1ccc(N)nc1,6.4568014143623484,7.13655817138629,0.6
353,CCc1ncnc(-c2ccc(C(=O)NC3CCCN(C)C3)c(C)c2)c1C#Cc1ccc(N)nc1,7.19456711186785,8.46470587995723,0.7
354,CCc1ncnc(-c2ccc(C(=O)N3CCS(=O)CC3)c(C)c2)c1C#Cc1ccc(N)nc1,7.20197120659592,8.2321023839819,0.6
355,CCc1ncnc(-c2ccc(C(=O)N3CCC(C)(O)CC3)c(C)c2)c1C#Cc1ccc(N)nc1,7.33152089706741,8.1791420105603,0.7
356,CCc1ncnc(-c2ccc(C(=O)N3CC[C@H](O)C3)c(C)c2)c1C#Cc1ccc(N)nc1,7.2732727909734205,8.05012229596312,0.7
357,CCc1ncnc(-c2ccc(C(=O)N3CC[C@@H](O)C3)c(C)c2)c1C#Cc1ccc(N)nc1,6.79371395558756,7.542118103266,0.7
358,CCc1ncnc(-c2ccc(C(=O)N3CCC(N(C)C)C3)c(C)c2)c1C#Cc1ccc(N)nc1,6.71063404847996,7.6169030700509,0.7
359,CCc1ncnc(-c2ccc(C(=O)N3CCC(N4CCCC4)CC3)c(C)c2)c1C#Cc1ccc(N)nc1,6.8005190851376405,7.92408823851722,0.7
360,CCc1ncnc(-c2ccc(C(=O)N3CCNCC3)c(C)c2)c1C#Cc1ccc(N)nc1,7.42992429467839,7.85761053388116,0.7
361,CCc1ncnc(-c2ccc(C(=O)N(C)O)c(C)c2)c1C#Cc1ccc(N)nc1,6.6250684460218086,7.56161589296528,0.2
362,CCc1ncnc(-c2ccc(C(=O)N3CCCN(C)CC3)c(C)c2)c1C#Cc1ccc(N)nc1,7.16071054399385,7.84466396253493,0.7
363,CCc1ncnc(-c2ccc(C(=O)N3CCN(c4ccccn4)CC3)c(C)c2)c1C#Cc1ccc(N)nc1,6.8005190851376405,7.76725793727926,0.6
364,CCc1ncnc(-c2ccc(C(=O)N3CCN(c4ccncc4)CC3)c(C)c2)c1C#Cc1ccc(N)nc1,7.341511618690982,8.01999662841625,0.6
365,CCc1ncnc(-c2ccc(C(=O)N3CCC(O)CC3)c(C)c2)c1C#Cc1ccc(N)nc1,7.1087413830958495,8.16430942850757,0.7
366,CCc1ncnc(-c2ccc(C(=O)N3CCCOCC3)c(C)c2)c1C#Cc1ccc(N)nc1,7.3479471517518915,8.38090666937325,0.7
367,CCc1ncnc(-c2ccc(C(=O)NCC3(C)COC3)c(C)c2)c1C#Cc1ccc(N)nc1,6.826522356547001,7.77624454634275,0.7
368,CCc1ncnc(-c2ccc(C(=O)N3CCN(c4ccccc4)CC3)c(C)c2)c1C#Cc1ccc(N)nc1,6.79533748825178,8.5016894462104,0.7
369,CCc1ncnc(-c2ccc(C(=O)N3CCN4CCC[C@@H]4C3)c(Cl)c2)c1C#Cc1ccc(N)nc1,6.702239488900862,9.00436480540245,0.6
370,CCc1ncnc(-c2ccc(C(=O)N3CCN4CCC[C@@H]4C3)c(F)c2)c1C#Cc1ccc(N)nc1,6.585360853262991,8.77211329538632,0.7
371,CCc1ncnc(-c2ccc(C(=O)N3CCN4CCC[C@H]4C3)c(Cl)c2)c1C#Cc1ccc(N)nc1,6.96899571863646,8.82390874094431,0.6
372,CCc1ncnc(-c2ccc(C(=O)N3CCN4CCC[C@H]4C3)c(F)c2)c1C#Cc1ccc(N)nc1,6.89722338511655,8.939302159646381,0.7
373,CCc1ncnc(-c2ccc(C(=O)N3CCN4CCCC[C@H]4C3)c(Cl)c2)c1C#Cc1ccc(N)nc1,6.77159964129699,8.52578373592374,0.7
374,CCc1ncnc(-c2ccc(C(=O)N3CCN4CCCC[C@H]4C3)c(F)c2)c1C#Cc1ccc(N)nc1,6.44575319183388,8.263603497723349,0.7
375,CCc1ncnc(-c2ccc(C(=O)N3CCN4CCCC[C@@H]4C3)c(F)c2)c1C#Cc1ccc(N)nc1,7.33932421166147,9.13667713987954,0.7
376,CCc1ncnc(-c2cc(F)c(C(=O)N3CCN(CCCS(C)(=O)=O)CC3)c(F)c2)c1C#Cc1ccc(N)nc1,7.254144804826269,9.26760624017703,0.6
377,CCc1ncnc(-c2cc(F)c(C(=O)N3CCn4ccnc4C3)c(F)c2)c1C#Cc1ccc(N)nc1,7.15094930943048,8.866461091629779,0.2
378,CCc1ncnc(-c2cc(F)c(C(=O)N3CCn4cnnc4C3)c(F)c2)c1C#Cc1ccc(N)nc1,7.06656333217371,9.05060999335508,0.2
379,CCc1ncnc(-c2cc(F)c(C(=O)N3CCn4c(C)cnc4C3)c(F)c2)c1C#Cc1ccc(N)nc1,6.92045699259709,8.7569619513137,0.2
380,CCc1ncnc(-c2cc(F)c(C(=O)N3CCC4(CC3)COC4)c(F)c2)c1C#Cc1ccc(N)nc1,7.16845014800424,9.05551732784983,0.2
381,CCc1ncnc(-c2cc(F)c(C(=O)N3CCN(CCNS(C)(=O)=O)CC3)c(F)c2)c1C#Cc1ccc(N)nc1,6.67223251009727,9.05060999335508,0.7
382,CCc1ncnc(-c2cc(F)c(C(=O)N3CCN(C4CCC4)CC3)c(F)c2)c1C#Cc1ccc(N)nc1,7.519993057042838,9.15490195998574,0.7
383,CCc1ncnc(-c2cc(F)c(C(=O)N3CCN(CCCS(C)(=O)=O)CC3)c(Cl)c2)c1C#Cc1ccc(N)nc1,7.810509686300629,9.14874165128092,0.6
384,CCc1ncnc(-c2cc(F)c(C(=O)N3CCn4ccnc4C3)c(Cl)c2)c1C#Cc1ccc(N)nc1,7.738023808602179,9.292429823902062,0.2
385,CCc1ncnc(-c2cc(F)c(C(=O)N3CCn4cnnc4C3)c(Cl)c2)c1C#Cc1ccc(N)nc1,7.42585293584927,9.22914798835785,0.2
386,CCc1ncnc(-c2cc(F)c(C(=O)N3CCn4c(C)cnc4C3)c(Cl)c2)c1C#Cc1ccc(N)nc1,6.91257354296371,8.653647025549361,0.2
387,CCc1ncnc(-c2cc(F)c(C(=O)N3CCC4(CC3)COC4)c(Cl)c2)c1C#Cc1ccc(N)nc1,7.58804376206959,9.27572413039921,0.2
388,CCc1ncnc(-c2cc(F)c(C(=O)N3CCN(CCNS(C)(=O)=O)CC3)c(Cl)c2)c1C#Cc1ccc(N)nc1,6.940436582098732,8.72584215073632,0.7
389,CCc1ncnc(-c2cc(F)c(C(=O)N3CCN(C4CCC4)CC3)c(Cl)c2)c1C#Cc1ccc(N)nc1,6.03399914237121,7.86550414416532,0.7
390,CCc1ncnc(-c2cc(F)c(C(=O)N3CCC4(CC3)CNC4)c(F)c2)c1C#Cc1ccc(N)nc1,6.267686672528749,7.98296666070121,0.7
391,CCc1ncnc(-c2cc(F)c(C(=O)N3CCC4(CC3)CNC4)c(Cl)c2)c1C#Cc1ccc(N)nc1,7.29396533928564,8.767003889607839,0.7
392,CCc1ncnc(-c2ccc(C(=O)N3CCn4c(COC)nnc4C3)c(F)c2)c1C#Cc1ccc(N)nc1,6.811915626285057,8.653647025549361,0.2
393,CCc1ncnc(-c2ccc(C(=O)N3CCC4(CC3)COC4)c(F)c2)c1C#Cc1ccc(N)nc1,6.74884865682464,8.83268266525182,0.2
394,C#CCN1CCN(C(=O)c2ccc(-c3ncnc(CC)c3C#Cc3ccc(N)nc3)cc2F)CC1,6.81304366453458,8.60380065290426,0.7
395,CCc1ncnc(-c2ccc(C(=O)N3CCC(F)(F)CC3)c(F)c2)c1C#Cc1ccc(N)nc1,6.804653941651582,7.67654163315053,0.7
396,CCc1ncnc(-c2ccc(C(=O)NCCN3CCNCC3)c(F)c2)c1C#Cc1ccc(N)nc1,6.42805836492553,7.17757037622064,0.7
397,CCc1ncnc(-c2ccc(C(=O)NCC3CCNCC3)c(F)c2)c1C#Cc1ccc(N)nc1,7.1550260618531105,8.16749108729376,0.7
398,CCc1ncnc(-c2ccc(C(=O)N(C)C3CCOCC3)c(F)c2)c1C#Cc1ccc(N)nc1,7.01538268676325,8.806875401645529,0.7
399,CCc1ncnc(-c2cc(F)c(C(=O)N3CCn4c(COC)nnc4C3)c(F)c2)c1C#Cc1ccc(N)nc1,6.44599567898809,7.636012170251499,0.2
400,CCc1ncnc(-c2cc(F)c(C(=O)N(C)CCN(C)C)c(F)c2)c1C#Cc1ccc(N)nc1,6.57137932732806,8.6757175447023,0.7
401,C#CCN1CCN(C(=O)c2c(F)cc(-c3ncnc(CC)c3C#Cc3ccc(N)nc3)cc2F)CC1,6.785421046429501,8.06550154875643,0.6
402,CCc1ncnc(-c2cc(F)c(C(=O)N3CCC(F)(F)CC3)c(F)c2)c1C#Cc1ccc(N)nc1,6.7833064008302415,7.72699872793626,0.7
403,CCc1ncnc(-c2cc(F)c(C(=O)NCCN3CCNCC3)c(F)c2)c1C#Cc1ccc(N)nc1,6.78701381526333,7.76548271648731,0.7
404,CCc1ncnc(-c2cc(F)c(C(=O)NCC3CCNCC3)c(F)c2)c1C#Cc1ccc(N)nc1,6.309272456129628,7.4071573168689,0.7
405,CCc1ncnc(-c2cc(F)c(C(=O)N(C)C3CCN(C)CC3)c(F)c2)c1C#Cc1ccc(N)nc1,6.471854921746888,8.33441900898204,0.7
406,CCc1ncnc(-c2ccc(C(=O)N3CCC(C(C)(C)O)CC3)c(F)c2)c1C#Cc1ccc(NC)nc1,6.474955192963152,8.28483264215154,0.6
407,CCc1ncnc(-c2ccc(C(=O)N3CCC(N4CCOCC4)CC3)c(F)c2)c1C#Cc1ccc(NC)nc1,6.5592482995208075,8.50723961097316,0.6
408,CCc1ncnc(-c2ccc(C(=O)N3CCN(C4CCOCC4)CC3)c(F)c2)c1C#Cc1ccc(NC)nc1,6.44684545183037,8.26520017041115,0.6
409,CCc1ncnc(-c2ccc(C(=O)N3CC[C@@H](N(C)C)C3)c(F)c2)c1C#Cc1ccc(NC)nc1,6.56019378860667,8.054039296422431,0.7
410,CCc1ncnc(-c2ccc(C(=O)N3CC[C@H](N(C)C)C3)c(F)c2)c1C#Cc1ccc(NC)nc1,6.6078308505102585,8.61261017366126,0.7
411,CCc1ncnc(-c2ccc(C(=O)N3CCN(C)CC3)c(F)c2)c1C#Cc1ccc(NC)nc1,6.511308301683051,8.32790214206428,0.7
412,CCc1ncnc(-c2ccc(C(=O)N3CCC(N4CCN(C)CC4)CC3)c(F)c2)c1C#Cc1ccc(NC)nc1,6.39859193946531,8.55129368009492,0.7
413,CCc1ncnc(-c2ccc(C(=O)N3CCC(C(C)(C)O)CC3)c(Cl)c2)c1C#Cc1ccc(NC)nc1,6.6957249495228695,8.46470587995723,0.6
414,CCc1ncnc(-c2ccc(C(=O)N3CCC(N4CCOCC4)CC3)c(Cl)c2)c1C#Cc1ccc(NC)nc1,6.48771593671814,9.16749108729376,0.7
415,CCc1ncnc(-c2ccc(C(=O)N3CCN(C4CCOCC4)CC3)c(Cl)c2)c1C#Cc1ccc(NC)nc1,6.79182747333287,8.71444269099222,0.6
416,CCc1ncnc(-c2ccc(C(=O)N3CCN(CC(F)F)CC3)c(Cl)c2)c1C#Cc1ccc(NC)nc1,6.44903824770182,8.32882715728491,0.6
417,CCc1ncnc(-c2ccc(C(=O)N3CC[C@@H](N(C)C)C3)c(Cl)c2)c1C#Cc1ccc(NC)nc1,6.729554091982031,8.795880017344071,0.6
418,CCc1ncnc(-c2ccc(C(=O)N3CCN(CC)CC3)c(Cl)c2)c1C#Cc1ccc(NC)nc1,6.7559704109699705,7.69962193512929,0.7
419,CCc1ncnc(-c2ccc(C(=O)N3CC[C@H](N(C)C)C3)c(Cl)c2)c1C#Cc1ccc(NC)nc1,6.849243560139692,8.28735029837278,0.6
420,CCc1ncnc(-c2ccc(C(=O)N3CCN(C)CC3)c(Cl)c2)c1C#Cc1ccc(NC)nc1,6.4766437933451995,8.543633966870951,0.6
421,CCc1ncnc(-c2ccc(C(=O)N3CCC(N4CCN(C)CC4)CC3)c(Cl)c2)c1C#Cc1ccc(NC)nc1,6.735654492949902,6.5581478242267,0.6
422,CCc1ncnc(-c2cc(Cl)c(C(=O)N3CCN4CCC[C@H]4C3)c(Cl)c2)c1C#Cc1ccc(N)nc1,6.888401475119599,9.06048074738138,0.4
423,CCc1ncnc(-c2cc(Cl)c(C(=O)N3CCN(C)C(=O)C3)c(Cl)c2)c1C#Cc1ccc(N)nc1,7.6918626213619605,8.70114692359029,0.6
424,CCc1ncnc(-c2cc(Cl)c(C(=O)N3CC[C@@H](N(C)C)C3)c(Cl)c2)c1C#Cc1ccc(N)nc1,6.6294869104014005,8.27736607746618,0.6
425,CCc1ncnc(-c2cc(Cl)c(C(=O)N3CCN(C)CC3)c(Cl)c2)c1C#Cc1ccc(N)nc1,6.91080163319485,8.422508200162769,0.6
426,CCc1ncnc(-c2cc(Cl)c(C(=O)N3CCN(CC)CC3)c(Cl)c2)c1C#Cc1ccc(N)nc1,7.041483896576952,8.85387196432176,0.6
427,CCc1ncnc(-c2cc(Cl)c(C(=O)N3CCN(CC(C)(C)O)CC3)c(Cl)c2)c1C#Cc1ccc(N)nc1,7.12726117252733,8.872895201635188,0.7
428,CCc1ncnc(-c2cc(Cl)c(C(=O)N3CCC(C(C)O)CC3)c(Cl)c2)c1C#Cc1ccc(N)nc1,7.230696539810911,8.954677021213339,0.6
429,CCc1ncnc(-c2cc(Cl)c(C(=O)N3CCC(C(C)(C)O)CC3)c(Cl)c2)c1C#Cc1ccc(N)nc1,7.00833099262005,8.790484985457361,0.6
430,CCc1ncnc(-c2cc(Cl)c(C(=O)N3CCN(CC(F)F)CC3)c(Cl)c2)c1C#Cc1ccc(N)nc1,7.0664114898033406,8.64397414280687,0.6
431,CCc1ncnc(-c2cc(Cl)c(C(=O)N3CCC(C)(O)CC3)c(Cl)c2)c1C#Cc1ccc(N)nc1,7.021545566634767,8.48280410205002,0.6
432,CCc1ncnc(-c2cc(Cl)c(C(=O)N3CCN(C=O)CC3)c(Cl)c2)c1C#Cc1ccc(N)nc1,6.85949195696181,8.406713932979539,0.6
433,CCc1ncnc(-c2cc(Cl)c(C(=O)N3CCC(CO)CC3)c(Cl)c2)c1C#Cc1ccc(N)nc1,7.310779962736159,9.22914798835785,0.5
434,CCc1ncnc(-c2cc(Cl)c(C(=O)N3CCN(CCC#N)CC3)c(Cl)c2)c1C#Cc1ccc(N)nc1,7.14405705376768,8.86012091359876,0.6
435,CCc1ncnc(-c2cc(F)c(C(=O)N3CCN4CCC[C@H]4C3)c(F)c2)c1C#Cc1ccc(NC)nc1,6.235674394374009,8.60032627851896,0.6
436,CCc1ncnc(-c2cc(F)c(C(=O)N3CCN(C)C(=O)C3)c(F)c2)c1C#Cc1ccc(NC)nc1,6.7554754884299095,8.542118103265999,0.7
437,CCc1ncnc(-c2cc(F)c(C(=O)N3CC[C@@H](N(C)C)C3)c(F)c2)c1C#Cc1ccc(NC)nc1,6.26312563835157,8.24336389175415,0.7
438,CCc1ncnc(-c2cc(F)c(C(=O)N3CCN(C)CC3)c(F)c2)c1C#Cc1ccc(NC)nc1,6.41105635725998,8.54668165995296,0.7
439,CCc1ncnc(-c2cc(F)c(C(=O)N3CCN(CC)CC3)c(F)c2)c1C#Cc1ccc(NC)nc1,6.32578205442329,8.446116973356121,0.6
440,CCc1ncnc(-c2cc(F)c(C(=O)N3CCN(CC(C)(C)O)CC3)c(F)c2)c1C#Cc1ccc(NC)nc1,6.1904402853647325,8.638272163982402,0.7
441,CCc1ncnc(-c2cc(F)c(C(=O)N3CCC(C(C)O)CC3)c(F)c2)c1C#Cc1ccc(NC)nc1,6.33245366048848,8.821023052706831,0.7
442,CCc1ncnc(-c2cc(F)c(C(=O)N3CCC(C(C)(C)O)CC3)c(F)c2)c1C#Cc1ccc(NC)nc1,6.22192113806254,8.45717457304082,0.6
443,CCc1ncnc(-c2cc(F)c(C(=O)N3CCC(N4CCOCC4)CC3)c(F)c2)c1C#Cc1ccc(NC)nc1,6.3733517315259824,8.70774392864352,0.7
444,CCc1ncnc(-c2cc(F)c(C(=O)N3CCN(C4CCOCC4)CC3)c(F)c2)c1C#Cc1ccc(NC)nc1,6.33170728955177,8.6695862266508,0.7
445,CCc1ncnc(-c2cc(F)c(C(=O)N3CCN(CC(F)F)CC3)c(F)c2)c1C#Cc1ccc(NC)nc1,6.48598381959934,8.121478204498791,0.6
446,CCc1ncnc(-c2cc(F)c(C(=O)N3CCC(C)(O)CC3)c(F)c2)c1C#Cc1ccc(NC)nc1,6.4415314374762,8.32882715728491,0.6
447,CCc1ncnc(-c2cc(F)c(C(=O)N3CCN(C=O)CC3)c(F)c2)c1C#Cc1ccc(NC)nc1,6.78781239559604,8.49485002168009,0.6
448,CCc1ncnc(-c2cc(F)c(C(=O)N3CCC(CO)CC3)c(F)c2)c1C#Cc1ccc(NC)nc1,6.5337256782107005,8.363512103646631,0.2
449,CCc1ncnc(-c2cc(F)c(C(=O)N3CCN(CCC#N)CC3)c(F)c2)c1C#Cc1ccc(NC)nc1,6.67202837637698,8.65560772631488,0.6
450,CCc1ncnc(-c2ccc(C(=O)N3CCN(C(C)C)CC3)c(OC(F)(F)F)c2)c1C#Cc1ccc(N)nc1,6.27564219577357,7.6742791419805805,0.6
451,CCc1ncnc(-c2ccc(C(=O)N3CCN4CCC[C@H]4C3)c(OC(F)(F)F)c2)c1C#Cc1ccc(N)nc1,6.80410034759076,8.0301183562535,0.6
452,CCc1ncnc(-c2ccc(C(=O)N3CC[C@@H](N(C)C)C3)c(OC(F)(F)F)c2)c1C#Cc1ccc(N)nc1,6.39599006758776,7.255941834121161,0.7
453,CCc1ncnc(-c2ccc(C(=O)N3CCN(C)CC3)c(OC(F)(F)F)c2)c1C#Cc1ccc(N)nc1,6.650334015903361,7.85170590256525,0.7
454,CCc1ncnc(-c2ccc(C(=O)N3CCN(CC)CC3)c(OC(F)(F)F)c2)c1C#Cc1ccc(N)nc1,6.7086311495484106,7.84133601918601,0.6
455,CCc1ncnc(-c2ccc(C(=O)N3CCC(C(C)(C)O)CC3)c(OC(F)(F)F)c2)c1C#Cc1ccc(N)nc1,6.573163546196492,7.8768019249679995,0.3
456,CCc1ncnc(-c2ccc(C(=O)N3CCC(N4CCOCC4)CC3)c(OC(F)(F)F)c2)c1C#Cc1ccc(N)nc1,6.447940465812111,7.553929064298989,0.7
457,CCc1ncnc(-c2ccc(C(=O)N3CCN(C)CC3)c(C(F)(F)F)c2)c1C#Cc1ccc(N)nc1,6.759950227887349,8.05305672930217,0.7
458,CCc1ncnc(-c2ccc(C(=O)N3CCN(C(C)C)CC3)c(C(F)(F)F)c2)c1C#Cc1ccc(N)nc1,6.55455148573394,8.56543109596579,0.7
459,CCc1ncnc(-c2ccc(C(=O)N3CCN(CC)CC3)c(C(F)(F)F)c2)c1C#Cc1ccc(N)nc1,6.733533104559751,7.86582289242323,0.7
460,CCc1ncnc(-c2ccc(C(=O)N3CCC(C(C)(C)O)CC3)c(C(F)(F)F)c2)c1C#Cc1ccc(N)nc1,6.84649001069916,7.9385475209128,0.7
461,CCc1ncnc(-c2cc(F)c(C(=O)N3CCN(C)CC3)c(Cl)c2)c1C#Cc1ccc(N)nc1,7.046772028440138,8.999999999999991,0.7
462,CCc1ncnc(-c2cc(F)c(C(=O)N3CCN(C(C)C)CC3)c(Cl)c2)c1C#Cc1ccc(N)nc1,6.57971411505808,9.173925197299171,0.7
463,CCc1ncnc(-c2cc(F)c(C(=O)N3CCN(CC)CC3)c(Cl)c2)c1C#Cc1ccc(N)nc1,6.74909230029914,8.906578314837759,0.6
464,CCc1ncnc(-c2cc(F)c(C(=O)N3CCC(N4CCOCC4)CC3)c(Cl)c2)c1C#Cc1ccc(N)nc1,6.849857838151442,9.193820026016109,0.6
465,CCc1ncnc(-c2cc(F)c(C(=O)N3CCC(C(C)(C)O)CC3)c(Cl)c2)c1C#Cc1ccc(N)nc1,6.91829272990265,9.01772876696043,0.6
466,CCc1ncnc(-c2cc(F)c(C(=O)N3CCN4CCC[C@H]4C3)c(Cl)c2)c1C#Cc1ccc(N)nc1,6.75795576063044,10.1549019599857,0.6
467,CCc1ncnc(-c2cc(F)c(C(=O)N3CCN(C)C(=O)C3)c(Cl)c2)c1C#Cc1ccc(N)nc1,7.33554607141884,9.58502665202918,0.6
468,CCc1ncnc(-c2cc(F)c(C(=O)N3CCN(CC(C)(C)O)CC3)c(Cl)c2)c1C#Cc1ccc(N)nc1,6.937794191180282,9.537602002101039,0.6
469,CCc1ncnc(-c2cc(F)c(C(=O)N3CCC(C(C)O)CC3)c(Cl)c2)c1C#Cc1ccc(N)nc1,7.038483988551049,9.60205999132796,0.6
470,CCc1ncnc(-c2cc(F)c(C(=O)N3CCC(CO)CC3)c(Cl)c2)c1C#Cc1ccc(N)nc1,6.92045699259709,9.69897000433601,0.4
471,CCc1ncnc(-c2cc(F)c(C(=O)N3CCN(CCC#N)CC3)c(Cl)c2)c1C#Cc1ccc(N)nc1,6.959793372425281,9.13667713987954,0.7
472,CCc1ncnc(-c2ccc(C(=O)N3CCN(C4CCC4)CC3)c(F)c2)c1C#Cc1ccc(N)nc1,6.540306023522017,9.327902142064278,0.7
473,CCc1ncnc(-c2ccc(C(=O)N3CCN(CCNS(C)(=O)=O)CC3)c(F)c2)c1C#Cc1ccc(N)nc1,7.08985603893548,8.94692155651658,0.6
474,CCc1ncnc(-c2ccc(C(=O)N3CCn4c(C)cnc4C3)c(F)c2)c1C#Cc1ccc(N)nc1,7.020588217365559,9.096910013008051,0.2
475,CCc1ncnc(-c2ccc(C(=O)N3CCn4cnnc4C3)c(F)c2)c1C#Cc1ccc(N)nc1,7.2942217871714,8.928117992693869,0.2
476,CCc1ncnc(-c2ccc(C(=O)N3CCn4ccnc4C3)c(F)c2)c1C#Cc1ccc(N)nc1,7.21846003139405,8.7569619513137,0.2
477,CCc1ncnc(-c2ccc(C(=O)N3CCN(CCCS(C)(=O)=O)CC3)c(F)c2)c1C#Cc1ccc(N)nc1,7.0354575339208605,8.36051351073141,0.6
478,CCc1ncnc(-c2ccc(C(=O)N3CCC4(CC3)CNC4)c(Cl)c2)c1C#Cc1ccc(N)nc1,7.0422969584511605,8.097453220686,0.7
479,CCc1ncnc(-c2ccc(C(=O)N3CCN(C4CCC4)CC3)c(Cl)c2)c1C#Cc1ccc(N)nc1,7.316592700867901,9.2441251443275,0.7
480,CCc1ncnc(-c2ccc(C(=O)N3CCN(CCNS(C)(=O)=O)CC3)c(Cl)c2)c1C#Cc1ccc(N)nc1,7.51427857351841,8.83268266525182,0.6
481,CCc1ncnc(-c2ccc(C(=O)N3CCn4c(C)cnc4C3)c(Cl)c2)c1C#Cc1ccc(N)nc1,7.50100063641984,9.01322826573375,0.6
482,CCc1ncnc(-c2ccc(C(=O)N3CCn4cnnc4C3)c(Cl)c2)c1C#Cc1ccc(N)nc1,8.31605286924848,9.337242168318419,0.2
483,CCc1ncnc(-c2ccc(C(=O)N3CCn4ccnc4C3)c(Cl)c2)c1C#Cc1ccc(N)nc1,7.63902811627406,9.173925197299171,0.6
484,CCc1ncnc(-c2ccc(C(=O)N3CCN(CCCS(C)(=O)=O)CC3)c(Cl)c2)c1C#Cc1ccc(N)nc1,7.23462951970835,8.56863623584101,0.7
485,CCNc1ccc(C#Cc2c(CC)ncnc2-c2ccc(C(=O)N3CCN(CCCS(C)(=O)=O)CC3)c(F)c2)cn1,6.9578184054842325,8.8096683018297,0.6
486,CCNc1ccc(C#Cc2c(CC)ncnc2-c2ccc(C(=O)N3CCC(N4CCOCC4)CC3)c(F)c2)cn1,6.6794383198047615,8.79317412396815,0.2
487,CCNc1ccc(C#Cc2c(CC)ncnc2-c2ccc(C(=O)N3CCn4ccnc4C3)c(F)c2)cn1,7.19490712165732,9.09151498112135,0.2
488,CCNc1ccc(C#Cc2c(CC)ncnc2-c2ccc(C(=O)N3CCn4cnnc4C3)c(F)c2)cn1,7.35320431122153,8.83564714421556,0.2
489,CCNc1ccc(C#Cc2c(CC)ncnc2-c2ccc(C(=O)N3CCn4c(C)cnc4C3)c(F)c2)cn1,6.87386859273801,8.78781239559604,0.2
490,CCNc1ccc(C#Cc2c(CC)ncnc2-c2ccc(C(=O)N3CCC4(CC3)COC4)c(F)c2)cn1,6.68951910853732,8.67985371388894,0.2
491,CCNc1ccc(C#Cc2c(CC)ncnc2-c2ccc(C(=O)N3CCN(CCNS(C)(=O)=O)CC3)c(F)c2)cn1,7.210137369953611,8.856985199745901,0.6
492,CCNc1ccc(C#Cc2c(CC)ncnc2-c2ccc(C(=O)N3CCN(C4CCC4)CC3)c(F)c2)cn1,6.686976889676759,8.7851561519523,0.7
493,CCNc1ccc(C#Cc2c(CC)ncnc2-c2ccc(C(=O)N3CCC4(CC3)CN(C(=O)OC(C)(C)C)C4)c(F)c2)cn1,6.25165689551245,7.940815382368621,0.2
494,CCNc1ccc(C#Cc2c(CC)ncnc2-c2ccc(C(=O)N3CC4(CN(C(=O)OC(C)(C)C)C4)C3)c(F)c2)cn1,6.37582107425197,8.03338901331806,0.4
495,CCc1ncnc(-c2ccc(C(=O)N3CCC4(CC3)CNC4)c(F)c2)c1C#Cc1ccc(N)nc1,6.616005210558258,7.98129950133375,0.3
496,CCc1ncnc(-c2ccc(C(=O)N3CC4(CNC4)C3)c(F)c2)c1C#Cc1ccc(N)nc1,6.598944274228151,7.817870785947,0.5
497,CCc1ncnc(-c2ccc(C(=O)N3CC4(CNC4)C3)c(Cl)c2)c1C#Cc1ccc(N)nc1,6.48359685155259,7.87844015581249,0.6
498,CCc1ncnc(-c2ccc(C(=O)N3CCN(C4COC4)CC3)c(F)c2)c1C#Cc1ccc(N)nc1,6.94653739507454,8.56066730616973,0.6
499,CCc1ncnc(-c2ccc(C(=O)N3CCC(CN(C)C)CC3)c(F)c2)c1C#Cc1ccc(N)nc1,6.32303218570524,7.6103024517936095,0.7
500,CCc1ncnc(-c2ccc(C(=O)N3CCN(C4COC4)CC3)c(Cl)c2)c1C#Cc1ccc(N)nc1,6.923359556329651,8.37263414340726,0.7
501,CCc1ncnc(-c2ccc(C(=O)N3CCC(CN(C)C)CC3)c(Cl)c2)c1C#Cc1ccc(N)nc1,6.35173759425195,7.40044440901401,0.7
502,CCc1ncnc(-c2cc(F)c(C(=O)N3CCN(C4COC4)CC3)c(F)c2)c1C#Cc1ccc(N)nc1,6.8513973451939,8.51286162452281,0.7
503,CCc1ncnc(-c2ccc(C(=O)N3CCN(C4COC4)CC3)c(F)c2)c1C#Cc1ccc(N)nc1C,6.814174640387031,7.770574152079299,0.6
504,CCc1ncnc(-c2ccc(C(=O)N3CCC(CN(C)C)CC3)c(F)c2)c1C#Cc1ccc(N)nc1C,6.16813022571949,6.83923143813887,0.6
505,CCc1ncnc(-c2cc(F)c(C(=O)N3CCN(C4COC4)CC3)c(Cl)c2)c1C#Cc1ccc(N)nc1,6.7609509068598,8.416801226031371,0.7
506,CCc1ncnc(-c2cc(F)c(C(=O)N3CCC(CN(C)C)CC3)c(Cl)c2)c1C#Cc1ccc(N)nc1,6.350178536775429,7.39512622944736,0.6
507,CCc1ncnc(-c2ccc(C(=O)N3CCN(CCN)CC3)c(Cl)c2)c1C#Cc1ccc(N)nc1,6.74280157386065,8.0731432910503,0.7
508,CCc1ncnc(-c2cc(F)c(C(=O)N3CCC(CN)CC3)c(Cl)c2)c1C#Cc1ccc(N)nc1,6.189162848859509,7.85667287000795,0.7
509,CCc1ncnc(-c2cc(F)c(C(=O)N3CCN(CCN)CC3)c(Cl)c2)c1C#Cc1ccc(N)nc1,6.27843668164251,8.17005330405836,0.6
510,CCc1ncnc(-c2ccc(C(=O)N3CC4(CN(C)C4)C3)c(F)c2)c1C#Cc1ccc(N)nc1,6.5400047439526,8.00833099262005,0.6
511,CCc1ncnc(-c2cc(F)c(C(=O)N3CC4(CN(C)C4)C3)c(F)c2)c1C#Cc1ccc(N)nc1,6.46483251488505,8.42021640338319,0.6
512,CCc1ncnc(-c2cc(F)c(C(=O)N3CC4(CN(C)C4)C3)c(Cl)c2)c1C#Cc1ccc(N)nc1,6.525929496784952,8.25649023527156,0.2
513,CCc1ncnc(-c2ccc(C(=O)N3CCN(Cc4cc(C)no4)CC3)c(F)c2)c1C#Cc1ccc(N)nc1,6.69810228280479,8.821023052706831,0.6
514,CCc1ncnc(-c2ccc(C(=O)N3CCN(C(C)COC)CC3)c(F)c2)c1C#Cc1ccc(N)nc1,6.65797231191252,8.56863623584101,0.7
515,CCc1ncnc(-c2ccc(C(=O)N3CCN(C(C)CO)CC3)c(F)c2)c1C#Cc1ccc(N)nc1,6.67366413907124,8.89962945488243,0.7
516,CCc1ncnc(-c2ccc(C(=O)N3CCN(Cc4nc(C)c(C)o4)CC3)c(F)c2)c1C#Cc1ccc(N)nc1,6.77443228656052,8.8153085691824,0.7
517,CCc1ncnc(-c2ccc(C(=O)N3CCN(C4CCCC4O)CC3)c(F)c2)c1C#Cc1ccc(N)nc1,6.8626458886292605,9.16749108729376,0.6
518,CCc1ncnc(-c2ccc(C(=O)N3CCc4ncccc4C3)c(F)c2)c1C#Cc1ccc(N)nc1,6.960982678002582,8.962573502059369,0.2
519,CCc1ncnc(-c2ccc(C(=O)N3CCN(CC(C)O)CC3)c(F)c2)c1C#Cc1ccc(N)nc1,6.915423722065659,8.806875401645529,0.7
520,CCc1ncnc(-c2cc(F)c(C(=O)N3CCN(Cc4cc(C)no4)CC3)c(F)c2)c1C#Cc1ccc(N)nc1,6.6816027207824815,9.67778070526607,0.6
521,CCc1ncnc(-c2cc(F)c(C(=O)N3CCN(C(C)COC)CC3)c(F)c2)c1C#Cc1ccc(N)nc1,6.7281583934635,9.251811972993801,0.6
522,CCc1ncnc(-c2cc(F)c(C(=O)N3CCN(C(C)CO)CC3)c(F)c2)c1C#Cc1ccc(N)nc1,6.79683107712453,9.236572006437061,0.6
523,CCc1ncnc(-c2cc(F)c(C(=O)N3CCN(Cc4nc(C)c(C)o4)CC3)c(F)c2)c1C#Cc1ccc(N)nc1,6.10607187345739,9.30980391997148,0.6
524,CCc1ncnc(-c2cc(F)c(C(=O)N3CCN(C4CCCC4O)CC3)c(F)c2)c1C#Cc1ccc(N)nc1,6.97457123859275,9.552841968657768,0.7
525,CCc1ncnc(-c2cc(F)c(C(=O)N3CCN(CCOCCO)CC3)c(F)c2)c1C#Cc1ccc(N)nc1,6.947344526960468,8.77989191195994,0.6
526,CCc1ncnc(-c2cc(F)c(C(=O)N3CCC4(CC3)CC(=O)CO4)c(F)c2)c1C#Cc1ccc(N)nc1,6.84040273201259,8.6757175447023,0.3
527,CCc1ncnc(-c2cc(F)c(C(=O)N3CCN(Cc4cc(C)no4)CC3)c(Cl)c2)c1C#Cc1ccc(N)nc1,6.96589317029235,8.89962945488243,0.7
528,CCc1ncnc(-c2cc(F)c(C(=O)N3CCN(C(C)COC)CC3)c(Cl)c2)c1C#Cc1ccc(N)nc1,6.958370491524861,9.16749108729376,0.6
529,CCc1ncnc(-c2cc(F)c(C(=O)N3CCN(C(C)CO)CC3)c(Cl)c2)c1C#Cc1ccc(N)nc1,6.964730399900559,8.99567862621735,0.7
530,CCc1ncnc(-c2cc(F)c(C(=O)N3CCN(Cc4nc(C)c(C)o4)CC3)c(Cl)c2)c1C#Cc1ccc(N)nc1,6.71446519387996,9.34678748622465,0.6
531,CCc1ncnc(-c2cc(F)c(C(=O)N3CCN(C4CCCC4O)CC3)c(Cl)c2)c1C#Cc1ccc(N)nc1,7.1977052886025294,9.49485002168009,0.6
532,CCc1ncnc(-c2cc(F)c(C(=O)N3CCN(CC(C)O)CC3)c(Cl)c2)c1C#Cc1ccc(N)nc1,6.6210028591891374,9.251811972993801,0.7
533,CCc1ncnc(-c2cc(F)c(C(=O)N3CCN(CCOCCO)CC3)c(Cl)c2)c1C#Cc1ccc(N)nc1,7.065249125336419,9.1191864077192,0.6
534,CCc1ncnc(-c2cc(F)c(C(=O)N3CCC4(CC3)CC(=O)CO4)c(Cl)c2)c1C#Cc1ccc(N)nc1,7.16071054399385,9.283996656365199,0.3
535,CCc1ncnc(-c2ccc(C(=O)N3CCN(Cc4cc(C)no4)CC3)c(Cl)c2)c1C#Cc1ccc(N)nc1,6.95738511541147,9.4089353929735,0.7
536,CCc1ncnc(-c2ccc(C(=O)N3CCN(C(C)COC)CC3)c(Cl)c2)c1C#Cc1ccc(N)nc1,6.91431705680538,9.036212172654439,0.7
537,CCc1ncnc(-c2ccc(C(=O)N3CCN(C(C)CO)CC3)c(Cl)c2)c1C#Cc1ccc(N)nc1,7.11850122038501,8.77469071827413,0.6
538,CCc1ncnc(-c2ccc(C(=O)N3CCN(Cc4nc(C)c(C)o4)CC3)c(Cl)c2)c1C#Cc1ccc(N)nc1,6.8973605163087,8.82390874094431,0.7
539,CCc1ncnc(-c2ccc(C(=O)N3CCN(C4CCCC4O)CC3)c(Cl)c2)c1C#Cc1ccc(N)nc1,7.2432118012318805,8.88941028970075,0.6
540,CCc1ncnc(-c2ccc(C(=O)N3CCN(CC(C)O)CC3)c(Cl)c2)c1C#Cc1ccc(N)nc1,7.03245202378113,8.65169513695183,0.6
541,CCc1ncnc(-c2ccc(C(=O)N3CCN(CCOCCO)CC3)c(Cl)c2)c1C#Cc1ccc(N)nc1,6.96875316376732,8.892790030352131,0.6
542,CCc1ncnc(-c2ccc(C(=O)N3CCC4(CC3)CC(NC(=O)OC(C)(C)C)C4)c(F)c2)c1C#Cc1ccc(N)nc1,6.444216549914218,8.01144104312138,0.6
543,CCc1ncnc(-c2ccc(C(=O)N3CCC4(CC3)CC(N)C4)c(F)c2)c1C#Cc1ccc(N)nc1,5.8855591644441,8.22548303427145,0.2
544,CCc1ncnc(-c2ccc(C(=O)N3CCC4(CC3)CN(C(=O)OC(C)(C)C)CCO4)c(F)c2)c1C#Cc1ccc(N)nc1,6.38483933568344,8.04963514562387,0.7
545,CCc1ncnc(-c2ccc(C(=O)N3CCC4(CC3)CNCCO4)c(F)c2)c1C#Cc1ccc(N)nc1,6.40795655037063,8.1884249941294,0.2
546,CCc1ncnc(-c2ccc(C(=O)N3CCC4(CN(C(=O)OC(C)(C)C)C4)C3)c(F)c2)c1C#Cc1ccc(N)nc1,6.07482203439412,8.01457352591699,0.3
547,CCc1ncnc(-c2ccc(C(=O)N3CCC4(CNC4)C3)c(F)c2)c1C#Cc1ccc(N)nc1,6.02915587631914,7.86614187479666,0.2
548,CCc1ncnc(-c2ccc(C(=O)N3CCOC4(CCN(C(=O)OC(C)(C)C)CC4)C3)c(F)c2)c1C#Cc1ccc(N)nc1,5.9298032291668,7.16896251435997,0.3
549,CCc1ncnc(-c2ccc(C(=O)N3CCOC4(CCNCC4)C3)c(F)c2)c1C#Cc1ccc(N)nc1,6.43523927696769,7.94233389609017,0.3
550,CCc1ncnc(-c2ccc(C(=O)N3CCC4(CCN(C(=O)OC(C)(C)C)CC4)C3)c(F)c2)c1C#Cc1ccc(N)nc1,5.867641036204599,8.14996674231023,0.3
551,CCc1ncnc(-c2ccc(C(=O)N3CCC4(CCNCC4)C3)c(F)c2)c1C#Cc1ccc(N)nc1,6.23219132711262,7.59311932995087,0.3
552,CCc1ncnc(-c2ccc(C(=O)N3C[C@H]4CN(C(=O)OC(C)(C)C)C[C@H]4C3)c(F)c2)c1C#Cc1ccc(N)nc1,6.62371510380311,8.35359627377693,0.7
553,CCc1ncnc(-c2ccc(C(=O)N3C[C@@H]4CNC[C@@H]4C3)c(F)c2)c1C#Cc1ccc(N)nc1,6.22114720713144,7.4870489200275,0.7
554,CCc1ncnc(-c2ccc(C(=O)N3C[C@@H]4CCN(C(=O)OC(C)(C)C)[C@@H]4C3)c(F)c2)c1C#Cc1ccc(N)nc1,6.82240579035217,8.30102999566398,0.3
555,CCc1ncnc(-c2ccc(C(=O)N3C[C@@H]4CCN[C@@H]4C3)c(F)c2)c1C#Cc1ccc(N)nc1,6.183460432200151,7.576262750017659,0.2
556,CCc1ncnc(-c2cc(Cl)c(C(=O)N3CC4(CN(C)C4)C3)c(Cl)c2)c1C#Cc1ccc(N)nc1,6.2224789336090005,8.01144104312138,0.6
557,CCc1ncnc(-c2ccc(C(=O)N3CC4(CN(C)C4)C3)c(Cl)c2)c1C#Cc1ccc(N)nc1,6.015022873584501,8.21681130892474,0.5
558,CCc1ncnc(-c2cc(Cl)c(C(=O)N3CCC4(CC3)CN(C)C4)c(Cl)c2)c1C#Cc1ccc(N)nc1,5.65516383309533,7.97469413473522,0.6
559,CCc1ncnc(-c2cc(F)c(C(=O)N3CCC4(CC3)CN(C)C4)c(F)c2)c1C#Cc1ccc(N)nc1,6.11156775620631,8.28316227670047,0.7
560,CCc1ncnc(-c2cc(F)c(C(=O)N3CCC4(CC3)CN(C)C4)c(Cl)c2)c1C#Cc1ccc(N)nc1,6.06430636006674,7.99697052944638,0.6
561,CCc1ncnc(-c2ccc(C(=O)N3CCC4(CC3)CN(C)C4)c(Cl)c2)c1C#Cc1ccc(N)nc1,6.19768474859566,8.31425826139773,0.7
562,CCc1ncnc(-c2ccc(C(=O)N3CCC4(CC3)CN(C)C4)c(F)c2)c1C#Cc1ccc(N)nc1,6.48042137070601,8.15242734085788,0.6
563,CCc1ncnc(-c2cc(F)c(C(=O)N3CCN(C)C[C@H]3C)c(F)c2)c1C#Cc1ccc(N)nc1,6.438850894304639,8.2321023839819,0.7
564,CCc1ncnc(-c2cc(F)c(C(=O)N3CCN(C)C[C@@H]3C)c(Cl)c2)c1C#Cc1ccc(N)nc1,6.54976629246724,8.36051351073141,0.6
565,CCc1ncnc(-c2ccc(C(=O)N3CCN(Cc4ncon4)CC3)c(Cl)c2)c1C#Cc1ccc(N)nc1,6.86229783285303,9.18045606445813,0.6
566,CCc1ncnc(-c2ccc(C(=O)N3CCN(C)C[C@H]3C)c(Cl)c2)c1C#Cc1ccc(N)nc1,6.82803964598732,8.25026368443093,0.7
567,CCc1ncnc(-c2ccc(C(=O)N3CCN(C)C[C@@H]3C)c(Cl)c2)c1C#Cc1ccc(N)nc1,6.82564940252061,8.54668165995296,0.7
568,CCc1ncnc(-c2ccc(C(=O)N3CCN(CCOCCO)CC3)c(F)c2)c1C#Cc1ccc(N)nc1,6.9622946868644595,8.939302159646381,0.6
569,CCc1ncnc(-c2ccc(C(=O)N3CCN(Cc4ncon4)CC3)c(F)c2)c1C#Cc1ccc(N)nc1,6.77642618894531,9.34678748622465,0.5
570,CCc1ncnc(-c2ccc(C(=O)N3CCN(C)C[C@H]3C)c(F)c2)c1C#Cc1ccc(N)nc1,6.68794964881976,8.465973893943861,0.7
571,CCc1ncnc(-c2ccc(C(=O)N3CCN(C)C[C@@H]3C)c(F)c2)c1C#Cc1ccc(N)nc1,6.8421807155827,8.262807357295259,0.7
572,CCc1ncnc(-c2ccc(C(=O)N3CCN(CC(C)(C)O)CC3)c(F)c2)c1C#Cc1ccc(N)nc1,6.7558466274485705,8.98716277529482,0.7
